key,title,description,time,calories,tags,ingredients,steps
"grilled cheese","Gourmet Grilled Cheese","The ultimate comfort sandwich with a blend of Gruyère and sharp Cheddar on sourdough.","10 mins","520","Comfort Food | Quick | Vegetarian","2 slices Sourdough | 50g Gruyère, grated | 50g Aged Cheddar, grated | 2 tbsp Salted butter","Step 1: The Grate. Grating the cheese ensures an even, superior melt. | Step 2: The Buttering. Butter the bread from edge to edge on the outside. | Step 3: The Low & Slow. Place in a medium-low heat pan. Cover with a lid for 2 mins to trap heat. | Step 4: The Flip. Flip once the bottom is golden brown. Cook until both sides are crispy and cheese is molten."
"caesar salad","Tableside Caesar Salad","Crisp Romaine hearts tossed in a creamy, whisked dressing with anchovies and Parmigiano.","15 mins","340","Salad | Healthy-ish | Classic","Romaine hearts | 2 Anchovy fillets | 1 Egg yolk | Garlic, Dijon mustard | Lemon juice | Parmigiano-Reggiano","Step 1: The Sauce. Mash anchovies and garlic. Whisk with yolk, mustard, and lemon. Slowly drizzle oil until thick. | Step 2: The Crunch. Tear bread into chunks and toast with garlic oil for croutons. | Step 3: The Toss. Coat whole Romaine leaves in the dressing. Top with shavings of Parmigiano."
"cacio e pepe","Roman Cacio e Pepe","A minimalist masterpiece using only pasta, Pecorino Romano, and toasted black pepper.","15 mins","420","Italian | Quick | Vegetarian","200g Tonnarelli or Spaghetti | 1.5 cups Pecorino Romano, finely grated | 2 tbsp Black peppercorns, toasted and crushed","Step 1: The Pepper Toast. Toast crushed peppercorns in a dry pan until fragrant. | Step 2: The Pasta Water. Boil pasta in minimal water to maximize starch concentration. | Step 3: The Paste. Mix Pecorino with a ladle of warm pasta water until it forms a thick paste. | Step 4: The Mixing. Toss pasta with pepper and the cheese paste. Vigorously stir while adding more water until a creamy sauce forms."
"steak frites","Bistro-Style Steak Frites","Pan-seared Ribeye served with a mountain of crispy fries and garlic and herb butter.","30 mins","890","French | Protein-Heavy | Indulgent","10oz Ribeye steak | 2 Russet potatoes | 2 tbsp Butter | Garlic, Thyme, Parsley","Step 1: The Fries. Cut into thin strips potatoes and double-fry until light and crispy. | Step 2: The Sear. Sear steak in a cast-iron pan for 3 mins per side for medium-rare. | Step 3: The Basting. Spoon over the butter, garlic, and thyme during the final minute. | Step 4: The Rest. Let steak rest for 5 mins. Top with a disc of Garlic and herb butter."
"omelette","Classic French Omelette","A smooth, pale-gold omelette with a creamy, slightly runny interior.","10 mins","280","Breakfast | Quick | Protein","3 Large eggs | 1 tbsp Unsalted butter | Pinch of salt | Fresh chives","Step 1: The Whisk. Beat eggs until perfectly smooth, no streaks of white. | Step 2: The Heat. Melt butter in a non-stick pan over medium heat until foaming but not browned. | Step 3: The Agitation. Pour in eggs and stir rapidly with a fork while shaking the pan. | Step 4: The Fold. Once the bottom is set but the top is still Soft and moist, fold the omelette into a cigar shape. | Step 5: Plating. Slide onto a plate and brush with a little extra butter for a glossy finish."
"scrambled eggs","Silky French Scrambled Eggs","Soft, small curds with a custard-like consistency, cooked low and slow.","15 mins","240","Breakfast | Vegetarian | Creamy","4 Eggs | 2 tbsp Cold butter | 1 tbsp Heavy cream | Chives","Step 1: The Cold Start. Crack eggs into a cold saucepan with half the butter. | Step 2: The Constant Motion. Cook over medium heat, stirring constantly with a spatula. | Step 3: The Temperature Control. Pull the pan off the heat every 30 seconds to prevent overcooking. | Step 4: The Finish. Once thick and creamy, stir in the remaining butter and cream to stop the cooking."
"salmon","Pan-Seared Atlantic Salmon","Crispy skin-on salmon fillet with a tender, medium-rare center.","15 mins","420","High Protein | Healthy Fats | Quick","6oz Salmon fillet, skin-on | 1 tbsp Olive oil | Lemon wedge | Fresh dill","Step 1: The Prep. Pat the salmon skin bone-dry with a paper towel. Season with salt. | Step 2: The Sear. Place skin-side down in a hot pan with oil. Press firmly for 30 seconds. | Step 3: The Cooking. Cook for 5-6 mins on skin side only until skin is ultra-crispy. | Step 4: The Flip. Flip gently and cook for only 1 more minute. | Step 5: Plating. Serve skin-side up with a squeeze of fresh lemon."
"eggs benedict","Artisanal Eggs Benedict","Perfectly poached eggs on toasted English muffins with Canadian bacon and rich Hollandaise sauce.","30 mins","580","Breakfast | Indulgent | Technique","2 Eggs | 1 English muffin | 2 slices Canadian bacon | Hollandaise sauce (Yolks, Butter, Lemon)","Step 1: The Poach. Simmer water with a drop of vinegar. Whirlpool the water and drop in eggs for 3 minutes. | Step 2: The Hollandaise. Whisk until smooth and thick warmed butter into egg yolks and lemon juice. | Step 3: The Assembly. Toast the muffin, top with seared bacon and the poached egg. | Step 4: The Glaze. Generously ladle Hollandaise over the top. Garnish with cayenne or chives."
"avocado toast","Smashed Avocado & Poached Egg Toast","Creamy Hass avocado on sourdough, topped with a runny poached egg and chili flakes.","15 mins","380","Healthy | Modern | Vegan-Option","1 thick slice Sourdough | 1 Ripe Avocado | 1 Egg | Red pepper flakes | Lemon juice","Step 1: The Toast. Grill sourdough until charred and crispy. | Step 2: The Smash. Mash avocado with lemon juice, salt, and olive oil. | Step 3: The Egg. Poach an egg for exactly 3 minutes in simmering water. | Step 4: The Assembly. Spread avocado thick on toast, top with egg, chili flakes, and a drizzle of EVOO."
"teriyaki salmon","Glazed Teriyaki Salmon","Sweet and savory Japanese-style salmon glazed with ginger and soy.","20 mins","450","Japanese-Fusion | Savory | Quick","Salmon fillet | Soy sauce | Mirin | Sake | Brown sugar | Grated ginger","Step 1: The Sauce. Simmer soy, mirin, sake, and sugar until thickened into a syrup. | Step 2: The Bake/Sear. Pan-sear salmon for 3 mins, then pour sauce over. | Step 3: The Glaze. Baste the salmon repeatedly as the sauce caramelizes. | Step 4: Plating. Garnish with toasted sesame seeds and sliced scallions."
"peking duck","Imperial Peking Duck","The crown jewel of Chinese cuisine, known for its ultra-crisp skin and succulent meat.","180 mins","820","Chinese | Royal | Crispy","Whole Duck | Maltose syrup | Hoisin sauce | Spring onions, Cucumbers | Thin Mandarin pancakes","Step 1: The Prep. Separate skin from meat by blowing air under it. | Step 2: The Glaze. Coat with maltose syrup and air-dry for 24 hours. | Step 3: The Roast. Roast until skin is dark and crackling. | Step 4: Plating. Slice skin first, serve with pancakes, hoisin, and cut into thin strips vegetables."
"mapo tofu","Szechuan Mapo Tofu","Silken tofu set in a spicy, numbing sauce of fermented beans, chili oil, and Szechuan peppercorns.","20 mins","320","Chinese | Spicy | Umami","Soft Tofu | Ground pork | Doubanjiang (Chili bean paste) | Szechuan peppercorns | Chili oil","Step 1: The Infusion. Toast peppercorns and grind. Sauté pork until crispy. | Step 2: The Sauce. Add Doubanjiang and chili oil. Simmer with broth. | Step 3: The Tofu. Gently fold in silken tofu cubes. | Step 4: The Finish. Thicken with cornstarch slurry and top with peppercorn powder."
"boeuf bourguignon","Julia's Beef Bourguignon","A rich French stew of beef braised in red Burgundy wine, flavored with garlic, onions, and bouquet garni.","150 mins","640","French | Slow-Cook | Classic","Beef chuck | Red Burgundy wine | Bacon lardons | Pearl onions | Carrots | Thyme, Bay leaf","Step 1: The Sear. Brown beef in bacon fat in a Dutch oven. | Step 2: The Deglaze. Add wine and scrape the bottom for 'fond'. | Step 3: The Simmer. Cook on low heat for 2.5 hours until beef falls apart. | Step 4: The Garnish. Sauté pearl onions and mushrooms separately and add at the end."
"ceviche","Peruvian Sea Bass Ceviche","Fresh raw fish cured in 'Leche de Tigre' (citrus juice) with chilies and onions.","15 mins","280","Peruvian | Fresh | Healthy","Sea bass fillets | Lime juice | Aji Amarillo paste | Red onion, thinly sliced | Sweet potato, Cilantro","Step 1: The Cure. Toss chilled fish cubes in lime juice and aji paste for exactly 5 minutes. | Step 2: The Marriage. Add sliced onions and cilantro. | Step 3: Plating. Serve immediately with a side of boiled sweet potato and toasted corn (Cancha)."
"enchiladas","Enchiladas Verdes","Corn tortillas stuffed with chicken and smothered in a vibrant tomatillo salsa and melted cheese.","35 mins","520","Mexican | Tangy | Cheesy","Corn tortillas | Shredded chicken | Tomatillos | Serrano peppers | Crema Mexicana | Queso Fresco","Step 1: The Salsa. Roast tomatillos and peppers, then blend with cilantro and garlic. | Step 2: The Roll. Lightly fry tortillas, fill with chicken, and roll tightly. | Step 3: The Smother. Pour green salsa over rolls and top with cheese. | Step 4: The Bake. Bake until cheese is bubbly. Top with crema and onions."
"bibimbap","Jeonju Bibimbap","A colorful bowl of rice topped with sautéed vegetables, beef, and a fried egg, mixed with spicy Gochujang.","40 mins","580","Korean | Healthy | Colorful","2 cups Steamed rice | Sautéed Spinach, Bean sprouts, Carrots | 100g Ground beef | 1 Egg | 2 tbsp Gochujang (Korean chili paste)","Step 1: The Toppings. Sauté each vegetable separately with sesame oil and salt. | Step 2: The Beef. Cook ground beef with soy sauce and sugar. | Step 3: The Assembly. Place rice in a bowl, arrange vegetables and beef in a circle on top. | Step 4: The Egg. Fry an egg sunny-side up and place in center. | Step 5: The Mix. Add a large dollop of Gochujang and mix vigorously before eating."
"pho bo","Hanoi-Style Beef Pho","A delicate, aromatic beef noodle soup with star anise, ginger, and charred onions.","180 mins","450","Vietnamese | Light | Aromatic","Flat rice noodles | Beef marrow bones | Thinly sliced raw beef | Star anise, Cinnamon, Ginger | Bean sprouts, Basil, Lime","Step 1: The Broth. Char ginger and onions. Simmer bones with spices for at least 3 hours. | Step 2: The Noodles. Soften rice noodles in warm water. | Step 3: The Assembly. Place noodles and raw beef in a bowl. Pour boiling broth over to cook the beef instantly. | Step 4: Garnish. Serve with a handful of fresh herbs and a squeeze of lime."
"paella","Authentic Paella Valenciana","The pride of Spain, featuring saffron-infused Bomba rice, rabbit, chicken, and green beans.","60 mins","620","Spanish | Festive | One-Pan","2 cups Bomba rice | Saffron threads | Chicken and Rabbit pieces | Garrofon (lima beans) | Tomato purée | Rosemary","Step 1: The Socarrat. Sauté meat until deeply browned. This flavor base is crucial. | Step 2: The Broth. Add water, saffron, and beans. Simmer to create a rich stock. | Step 3: The Rice. Add rice in a cross shape. Do not stir again. | Step 4: The Crust. Cook until all liquid is absorbed and a crispy crust (Socarrat) forms at the bottom."
"fish and chips","Classic British Fish and Chips","Beer-battered Atlantic cod served with thick-cut triple-cooked chips.","45 mins","850","British | Crispy | Traditional","Cod fillets | Flour, Cornstarch | Cold Beer | Thick-cut potatoes | Mushy peas","Step 1: The Chips. Parboil, then fry potatoes twice for maximum crunch. | Step 2: The Batter. Whisk flour and beer until the consistency of heavy cream. | Step 3: The Fry. Dip fish in batter and fry in 180°C oil until golden. | Step 4: Serving. Serve with malt vinegar and sea salt."
"poutine","Quebec Style Poutine","The Canadian classic. Crispy fries topped with squeaky cheese curds and a rich brown gravy.","20 mins","880","Canadian | Street Food | Indulgent | Classic","Russet Fries | Fresh Cheese Curds | Brown Gravy (Beef or Chicken based)","Step 1: The Fries. Deep-fry potatoes until dark golden and crispy. | Step 2: The Curds. Ensure cheese curds are room temperature for the perfect 'squeak'. | Step 3: The Layering. Place hot fries in a bowl and scatter curds over them. | Step 4: The Melt. Pour scalding hot gravy over the top, partially melting the cheese. Serve immediately."
"moussaka","Traditional Greek Moussaka","Layered eggplant and spiced lamb bake topped with a thick, creamy Béchamel sauce.","75 mins","680","Greek | Rich | Baked","Eggplants, sliced | Ground lamb | Tomato paste, Cinnamon | Béchamel sauce (Milk, Flour, Butter) | Kefalotyri cheese","Step 1: The Veg. Fry eggplant slices until golden. | Step 2: The Meat. Sauté lamb with onions, tomato, and a hint of cinnamon. | Step 3: The Layers. Layer eggplant and meat sauce in a baking dish. | Step 4: The Bake. Spread Béchamel on top and bake until golden and bubbling."
"lasagna","Lasagna alla Bolognese","Green spinach pasta layers with slow-cooked ragù, silky Béchamel, and Parmigiano-Reggiano.","120 mins","740","Italian | Rich | Traditional","Lasagna sheets | Ragù Bolognese (Beef/Pork blend) | Béchamel sauce | Parmigiano-Reggiano","Step 1: The Ragù. Simmer meat with soffritto and milk for 3 hours. | Step 2: The Assembly. Layer pasta, ragù, and Béchamel. Repeat 5 times. | Step 3: The Crust. Top with a thick layer of Parmigiano. | Step 4: The Bake. Bake at 180°C until edges are crispy and center is molten."
"pasta carbonara","Authentic Roman Pasta Carbonara","The quintessential Roman pasta, relying on the emulsion of Pecorino Romano, eggs, and guanciale.","20 mins","480","Italian | Quick | Comfort Food","400g Spaghetti | 150g Guanciale (or Pancetta) | 4 Large egg yolks | 1 Whole egg | 100g Pecorino Romano, grated | Black pepper","Step 1: The Guanciale. Sauté diced guanciale until crispy and fat is rendered. | Step 2: The Egg Mixture. Whisk eggs and yolks with 80% of the Pecorino and plenty of black pepper. | Step 3: The Pasta. Boil spaghetti until 'al dente'. Reserve 1/2 cup pasta water. | Step 4: The Emulsion. Off heat, toss pasta with guanciale fat, then quickly stir in egg mixture and reserved water to create a creamy sauce. Do not scramble. | Step 5: Plating. Serve topped with remaining Pecorino and more black pepper."
"margherita pizza","Classic Neapolitan Pizza Margherita","The gold standard of pizza, featuring the colors of the Italian flag.","15 mins","650","Italian | Vegetarian | Classic","250g Neapolitan Pizza Dough | 80g San Marzano Tomato sauce | 100g Fresh Buffalo Mozzarella | Fresh Basil leaves | Extra virgin olive oil","Step 1: The Stretch. Hand-stretch dough to 12 inches. | Step 2: The Topping. Spread tomato sauce, add torn mozzarella and basil. | Step 3: The Bake. Cook in a 900°F wood-fired oven for 90 seconds (or 500°F home oven for 8 mins). | Step 4: The Finish. Drizzle with olive oil."
"tacos al pastor","Mexico City Tacos Al Pastor","Achiote-marinated pork roasted on a vertical spit, served with pineapple.","45 mins","420","Mexican | Street Food | Spicy","1 lb Pork shoulder, thinly sliced | Achiote paste | Pineapple slices | Corn tortillas | Cilantro, Onions, Lime","Step 1: The Marinade. Coat pork in achiote, vinegar, and spices for 12 hours. | Step 2: The Roast. Sear pork in a hot pan until charred and crispy. | Step 3: The Assembly. Serve on warm tortillas with a sliver of roasted pineapple, onions, and cilantro."
"ramen","Hakata-Style Tonkotsu Ramen","Rich, creamy pork bone broth with thin, straight noodles.","120 mins","750","Japanese | Rich | Umami","Tonkotsu Broth | Ramen noodles | Chashu pork belly slices | Soft-boiled Ajitama egg | Green onions | Nori","Step 1: The Broth. Simmer pork bones for 12 hours until milky (use high-quality store base for 120m version). | Step 2: The Noodles. Boil noodles for exactly 90 seconds. | Step 3: The Assembly. Place noodles in hot broth, top with chashu, halved egg, and scallions."
"pad thai","Royal Street-Style Pad Thai","The quintessential Thai stir-fried noodle dish with a perfect balance of sweet, sour, and salty.","25 mins","540","Thai | Quick | Stir-fry","Rice noodles | Shrimp or Tofu | Tamarind paste | Palm sugar | Fish sauce | Peanuts | Bean sprouts","Step 1: The Sauce. Mix tamarind, palm sugar, and fish sauce in a 1:1:1 ratio. | Step 2: The Stir-fry. Sauté protein, then add soaked noodles and sauce. | Step 3: The Egg. Scramble an egg on the side of the pan and fold into noodles. | Step 4: Plating. Serve with crushed peanuts, bean sprouts, and a lime wedge."
"coq au vin","Classic French Coq Au Vin","Chicken braised in red wine with pearl onions, mushrooms, and lardon.","90 mins","580","French | Braising | Classic","Whole chicken, jointed | Bottle of Burgundy red wine | Bacon lardons | Pearl onions | Button mushrooms","Step 1: The Sear. Brown chicken in bacon fat. | Step 2: The Braise. Add wine, aromatics, and simmer for 1 hour. | Step 3: The Sauce. Reduce the liquid until it coats the back of a spoon. | Step 4: Plating. Serve with buttery mashed potatoes."
"shakshuka","Maghrebi Shakshuka","Eggs poached in a vibrant, spiced tomato and pepper sauce.","25 mins","320","Middle Eastern | Breakfast | Vegetarian","4 Eggs | 2 cups Tomato purée | Red bell pepper, diced | Harissa paste | Cumin, Paprika | Feta cheese","Step 1: The Base. Sauté peppers and onions until soft. Add spices and tomatoes. | Step 2: The Poach. Make wells in the sauce and crack in eggs. | Step 3: The Finish. Cover and cook until whites are set but yolks are runny. Top with feta and cilantro."
"cheeseburger","The Ultimate Smash Cheeseburger","Double patty, melted American cheese, and caramelized crust on a brioche bun.","15 mins","780","American | Classic | Guilty Pleasure","8oz Ground beef (80/20) | American cheese slices | Brioche bun | Pickles | Special sauce (Mayo/Ketchup/Relish)","Step 1: The Smash. Press beef balls onto a smoking hot griddle until thin. | Step 2: The Crust. Cook for 2 mins until a deep brown crust forms. Flip and add cheese. | Step 3: The Assembly. Toast buns, apply sauce, and stack double patties with pickles."
"sushi","Edomae-Style Sushi Nigiri","A masterclass in balance, featuring seasoned Shari rice and premium Tsukiji-grade seafood.","45 mins","320","High Protein | Low Carb","2 cups Sushi rice (Koshihikari) | 1/2 cup Rice vinegar, 2 tbsp Sugar, 1 tsp Salt (for Tezu) | 1 lb Sashimi-grade Tuna (Maguro) or Salmon (Sake) | Wasabi root, freshly grated | Pickled ginger (Gari), Soy sauce (Shoyu)","Step 1: The Rice Foundation (Shari). Rinse rice until water runs crystal clear. Cook with slightly less water than usual. While hot, fold in the vinegar mixture using a slicing motion with a Shamoji. | Step 2: The Slicing Technique (Sashimi). Using a Yanagiba knife, slice the chilled fish at a 45-degree angle into 2.5-inch long, 1/4-inch thick rectangular pieces. | Step 3: The Nigiri Form. Wet your hands with Tezu water. Take exactly **20g of rice** and form an oblong shape. Apply a **pea-sized dot** of wasabi to the fish slice. | Step 4: The Marriage. Place the fish over the rice. Use two fingers to gently press and shape the nigiri. It should be firm enough to hold but airy enough to melt. | Step 5: The Glaze. Brush a thin layer of Nikiri (sweetened soy) over the fish. Serve immediately at room temperature for maximum flavor profile."
"tikka masala","Heritage Chicken Tikka Masala","A two-stage culinary journey involving a 24-hour yogurt marinade and a rich, charred tomato gravy.","60 mins","520","High Protein | Comfort Food","2 lbs Boneless chicken thighs, cubed | 1 cup Full-fat Greek yogurt | 3 tbsp Ginger-garlic paste | 2 tbsp Kashmiri chili powder | 1 tbsp Kasuri Methi (dried fenugreek leaves) | 1 cup Heavy cream or Cashew paste","Step 1: The Butchery. Trim excess fat from the **2 lbs of chicken thighs**. Using a sharp chef's knife, cut the meat into uniform 1.5-inch cubes. | Step 2: The Primary Marination. Coat chicken in **2 tbsp lemon juice** and a **pinch of salt** for 20 minutes to break down fibers. | Step 3: The Secondary Marination. Whisk the **1 cup yogurt** with the **3 tbsp ginger-garlic paste** and **2 tbsp chili powder**. Submerge chicken and refrigerate for 24 hours. | Step 4: The Tandoor Mimic. Thread chicken on skewers. Broil at maximum heat (500°F+) for 12 minutes until charred 'tikka' spots appear. | Step 5: The Gravy Base. Sauté onions in **2 tbsp ghee** until deeply caramelized. Add tomato purée and cook until oil separates. | Step 6: The Infusion. Stir in charred chicken. Add the **1 cup heavy cream** and a **tablespoon of hand-crushed Kasuri Methi**. Simmer for 10 minutes until thick and glossy. | Step 7: The Aesthetic Assembly. Ladle the curry into a bowl. Swirl **1 tbsp of heavy cream** in a spiral on top. Finish with a **scattering (handful)** of fresh cilantro leaves."
"misal pav","Authentic Kolhapuri Misal Pav","A fiery sprouted moth bean curry from Maharashtra, layered with textures and topped with a spicy 'Katt' (oil broth).","40 mins","450","Spicy | Vegetarian","2 cups Sprouted moth beans (Matki) | 1/2 cup Grated dry coconut (Khopra), toasted | 2 Large onions, finely minced | 3 tbsp Goda Masala (Marathi spice blend) | 1 cup Farsan (savory snack mix) | 6 Fresh Pav (soft bread rolls) | Handful of chopped onions and lime wedges","Step 1: The Sprout Prep. Steam the **2 cups of matki** with a **pinch of turmeric and salt** until just tender. | Step 2: The Vatan (Masala Base). Grind toasted coconut with ginger and garlic into a smooth paste. This is the heart of the Marathi flavor profile. | Step 3: The Tempering. Heat **4 tbsp oil** (essential for the 'Katt'). Sauté onions until golden, then add the Vatan and **3 tbsp Goda Masala**. | Step 4: The Curry Assembly. Add the steamed matki and **3 cups of water**. Simmer until a thick layer of spicy red oil (Katt) floats on top. | Step 5: The Layering. In a deep bowl, place a **large ladle** of the matki curry. Top with a **handful of farsan**. | Step 6: The Katt Pour. Pour the spicy red broth (Katt) over the farsan. Garnish with minced onions and cilantro. | Step 7: Plating. Serve with buttered Pav, a lemon wedge, and a **small bowl** of extra Katt on the side."
"puran poli","Artisanal Marathi Puran Poli","A delicate, sweet flatbread stuffed with a fragrant chana dal and jaggery filling, flavored with nutmeg and cardamom.","50 mins","380","Sweet | Vegetarian","1.5 cups Chana Dal (split chickpeas) | 1.5 cups Organic Jaggery, grated | 2 cups Whole wheat flour (Atta) | 1/2 tsp Nutmeg powder, 1 tsp Cardamom powder | Pure Ghee for roasting","Step 1: The Puran Prep. Pressure cook **1.5 cups chana dal** until soft. Drain completely (reserve water for Katachi Amti). | Step 2: The Sweetening. Mash the dal and cook with **1.5 cups jaggery** until the mixture thickens and leaves the sides of the pan. | Step 3: The Sieve Technique. Pass the warm Puran through a 'Puran Yantra' or fine sieve to ensure a perfectly smooth, lump-free texture. | Step 4: The Dough. Knead the **2 cups flour** with oil and water into a very soft, elastic dough. Let rest for 1 hour. | Step 5: The Stuffing. Take a ball of dough, flatten it, and place a **slightly larger ball** of Puran in the center. Seal the edges carefully. | Step 6: The Roll. Using plenty of dry flour, roll the poli into a thin, translucent circle without tearing the skin. | Step 7: The Roast. Cook on a hot griddle with **liberal drizzles of ghee** until golden spots appear and it puffs up. | Step 8: Serving. Serve hot with a **tablespoon of cold ghee** or a bowl of warm milk."
"paneer butter masala","Restaurant-Style Paneer Butter Masala","Velvety, rich tomato-based gravy with soft paneer cubes, finished with cream and honey.","35 mins","480","Rich | Vegetarian","400g Fresh Paneer, cubed | 5 Large tomatoes, puréed | 2 tbsp Cashew paste | 3 tbsp Unsalted butter | 1 tsp Kashmiri red chili powder | 1/4 cup Heavy cream","Step 1: The Paneer Prep. Cut **400g paneer** into 1-inch cubes. Soak in warm water for 10 mins to keep them soft. | Step 2: The Makhani Base. Sauté ginger-garlic paste in **2 tbsp butter**. Add tomato purée and cook until it thickens. | Step 3: The Creaminess. Stir in the **2 tbsp cashew paste** and **1 tsp chili powder**. Cook for 5 mins. | Step 4: The Emulsion. Add the paneer cubes. Stir in the **1/4 cup heavy cream** and the remaining **1 tbsp butter**. | Step 5: The Secret Finish. Add a **pinch of kasuri methi** and a **teaspoon of honey** to balance the acidity. | Step 6: Plating. Garnish with a swirl of cream and fresh cilantro. Serve with garlic naan."
"dal makhani","Presidential Dal Makhani","Slow-cooked black lentils and kidney beans simmered for 24 hours with butter and cream.","240 mins","550","Creamy | Vegetarian","1 cup Whole Black Urad Dal | 1/4 cup Rajma (Kidney beans) | 1/2 cup White butter (Makhan) | 1/2 cup Fresh cream | 1 cup Tomato purée","Step 1: The Soak. Soak **1 cup dal** and **1/4 cup rajma** overnight. | Step 2: The First Simmer. Pressure cook with plenty of water until the dal is completely soft and mashable. | Step 3: The Bhuna. Heat ghee, add ginger-garlic paste and **1 cup tomato purée**. Cook until oil separates. | Step 4: The 24-Hour Secret. Add dal to the masala. Add **1/2 cup butter**. Simmer on lowest heat for at least 4 hours (traditionally overnight). | Step 5: The Finish. Stir in the **1/2 cup cream** and a **pinch of roasted kasuri methi**. | Step 6: Plating. Serve in a clay pot with a swirl of cream and a blob of butter."
"pav bhaji","Chowpatty Style Pav Bhaji","A spicy, buttery mashed vegetable curry served with toasted bread rolls.","35 mins","520","Buttery | Street Food","2 cups Mixed vegetables (Potato, Cauliflower, Peas) | 3 tbsp Pav Bhaji Masala | 1/4 cup Butter | 1 Large onion, minced | 6 Fresh Pav","Step 1: The Mash. Boil **2 cups vegetables**. Mash them into a smooth consistency on a flat griddle (Tawa). | Step 2: The Tadka. Sauté onions and capsicum in **2 tbsp butter**. Add **3 tbsp pav bhaji masala** and a **splash of water**. | Step 3: The Marriage. Mix the mash with the tadka. Add more butter and mash together until vibrant red. | Step 4: The Bread. Slit the **6 pav** and toast on the griddle with **1 tbsp butter** and a **pinch of masala**. | Step 5: Plating. Serve the bhaji with a **huge cube of butter**, chopped onions, cilantro, and a lime wedge."
"vada pav","The Mumbai 'Burger' - Vada Pav","Spiced potato fritter sandwiched in a soft roll with fiery garlic chutney.","30 mins","380","Spicy | Street Food","4 Large potatoes, boiled and mashed | 1 cup Gram flour (Besan) batter | 2 tbsp Dry Garlic Chutney | 4 Fresh Pav | Fried Green Chilies","Step 1: The Aloo Filling. Sauté mashed potatoes with mustard seeds, curry leaves, and green chili paste. | Step 2: The Batter. Dip potato balls in a seasoned **1 cup besan batter**. | Step 3: The Fry. Deep fry until golden brown and crispy. | Step 4: The Assembly. Slit the **pav**, apply a **teaspoon of green chutney** and a **generous sprinkle of garlic chutney**. Place the vada inside. | Step 5: Plating. Serve hot with a salted fried green chili."
"dal tadka","Dhaba Style Dal Tadka","Yellow lentils tempered with aromatic spices, garlic, and dried red chilies.","25 mins","320","Healthy | Vegetarian","1 cup Toor Dal (Pigeon peas) | 2 tbsp Ghee | 1 tsp Cumin seeds, 4 Cloves garlic, minced | 2 Dried red chilies | Pinch of Hing (Asafoetida)","Step 1: The Boil. Cook **1 cup dal** with turmeric and salt until soft. | Step 2: The Base Masala. Sauté onions, ginger, and tomatoes in oil until soft. | Step 3: The Fusion. Mix the boiled dal with the base masala and simmer. | Step 4: The Double Tadka. Heat **2 tbsp ghee** in a small pan. Add cumin, minced garlic, dried red chilies, and a **pinch of hing**. When garlic turns brown, pour over the dal. | Step 5: Plating. Garnish with fresh cilantro and serve with Jeera rice."
"gulab jamun","Royal Gulab Jamun","Soft, melt-in-the-mouth khoya balls soaked in a rose-scented sugar syrup.","60 mins","450","Sweet | Dessert","1 cup Khoya (Milk solids) or Milk powder | 2 cups Sugar (for syrup) | 3-4 Cardamom pods | Rose water, Saffron strands | Ghee for frying","Step 1: The Syrup. Boil **2 cups sugar** with 1 cup water and cardamom until a sticky consistency (one-string) is reached. Add rose water. | Step 2: The Dough. Knead **1 cup khoya** with a **tablespoon of flour** into a smooth, crack-free dough. | Step 3: The Balls. Form small, smooth balls. Ensure no cracks to prevent bursting. | Step 4: The Ghee Fry. Fry balls in low-heat ghee until deep golden brown. | Step 5: The Soak. Immediately drop hot jamuns into the warm syrup. Let soak for at least 2 hours. | Step 6: Plating. Serve warm with a garnish of slivered pistachios."
"biryani","Hyderabadi Dum Biryani (Kacchi Style)","An aromatic masterpiece where marinated raw meat and parboiled rice are slow-cooked together in a sealed 'Dum' pot.","90 mins","680","Royal | High Protein","1 kg Premium long-grain Basmati rice (aged 2 years) | 1 kg Bone-in goat or chicken, large cuts | 2 cups Fried onions (Biryani), hand-crushed | 1 cup Fresh mint and cilantro, chopped | 4 tbsp Homemade Biryani Masala (shahi jeera, mace, nutmeg, cardamom) | 1/2 cup Pure ghee, 1 cup Full-fat yogurt | Pinch of Saffron soaked in warm milk","Step 1: The Aromatic Prep. Mince the ginger and garlic. Slice red onions into translucent, paper-thin rings. Chiffonade a **handful of mint** and a **handful of cilantro stems**. | Step 2: The Meat Marination. Massage the **1 kg of meat** with ginger-garlic paste, the **1 cup yogurt**, and **4 tbsp Biryani masala**. Marinate for at least 4 hours. | Step 3: The Rice Parboiling. Boil water with whole spices. Add the **1 kg of soaked rice**. Cook until exactly 70% done. | Step 4: The Layering. Place marinated meat at bottom. Layer with the **mint, cilantro**, and **1 cup of fried onions**. Spread rice on top. | Step 5: The Dum Sealing. Drizzle the **saffron milk** and **1/2 cup ghee** over rice. Seal the pot edges with a dough made of flour and water (Atta). | Step 6: The Slow Cook. Cook on lowest heat for 45 minutes. Let it rest for 15 minutes before opening. | Step 7: The Royal Presentation. Plate on a large sharing platter. Garnish with a **final handful** of fried onions and fresh mint. Serve with raita."
"risotto","Milanese Saffron Risotto (Risotto alla Milanese)","The golden soul of Lombardy, featuring short-grain Arborio rice, hand-harvested saffron, and the mandatory 'Manteca' emulsion.","45 mins","520","Italian | Vegetarian","2 cups Arborio or Carnaroli rice | 1.5 liters High-quality chicken or beef bone broth, simmering | 1/2 tsp Saffron threads, steeped in warm broth | 2 Large shallots, brunoise | 1/2 cup Dry white wine (Pinot Grigio or Sauvignon Blanc) | 4 tbsp Cold unsalted butter, cubed | 1 cup Parmigiano-Reggiano, freshly grated | 2 tbsp Bone marrow (optional but authentic)","Step 1: The Brunoise (Knife Skills). Mince the **2 large shallots** into perfect 2mm cubes. | Step 2: The Soffritto. Heat a **knob of butter (approx 1 tbsp)** in a pan. Sauté the shallots over low heat until translucent. | Step 3: The Tostatura (Toasting). Add the **2 cups of rice** to the pan. Stir constantly until edges are translucent. | Step 4: The Sfumatira (Deglazing). Pour in the **1/2 cup white wine**. Stir until completely absorbed by the rice. | Step 5: The Slow Infusion. Add the **1.5 liters of broth** one ladle at a time. Add the **1/2 tsp saffron threads** halfway through. | Step 6: The Mantecatura (Emulsion). Once rice is al dente, remove from heat. Vigorously beat in the **4 tbsp cold butter** and **1 cup Parmigiano-Reggiano**. | Step 7: The Plating (All'onda). Ladle onto a warm plate. Tap the bottom so it spreads flat. Garnish with a **generous pinch of saffron**."
"idli","Steamed Rice Idli","Soft, fluffy steamed cakes made from a fermented batter of rice and de-husked black lentils.","30 mins","65","South Indian | Breakfast | Vegan | Fermented","2 cups Idli Rice | 1/2 cup Urad Dal | 1/4 tsp Fenugreek seeds | Salt to taste","Step 1: The Soak. Soak rice and lentils separately with fenugreek for 6 hours. | Step 2: The Grind. Grind to a smooth, thick batter. Consistency should be slightly grainy for rice and airy for lentils. | Step 3: The Fermentation. Mix batters and ferment in a warm place for 8-12 hours until it doubles in volume. | Step 4: The Steam. Pour into greased molds and steam for 10-12 minutes until a toothpick comes out clean."
"masala dosa","Classic Masala Dosa","Thin, crispy fermented rice and lentil crepes filled with a spiced potato 'palya'.","40 mins","421","South Indian | Breakfast | Vegetarian | Crispy","3 cups Rice | 1 cup Urad Dal | Potato Palya (Potatoes, Onions, Turmeric) | Ghee or Oil","Step 1: The Batter. Ferment rice-lentil batter until slightly sour. | Step 2: The Heat. Preheat a cast-iron tawa until water droplets sizzle and evaporate immediately. | Step 3: The Spread. Ladle batter and spread in a thin, concentric spiral. | Step 4: The Crisp. Drizzle ghee around edges. Cook until the bottom is deep golden brown. | Step 5: The Filling. Place spiced potato mash in the center and fold."
"chicken chettinad","Aromatic Chicken Chettinad","A fiery Tamil Nadu classic using a complex blend of 16 spices including stone flower and kalpasi.","50 mins","325","Tamil Nadu | Spicy | High Protein","1kg Chicken | Chettinad Masala (Fennel, Peppercorns, Kalpasi) | Shallots | Curry leaves | Coconut","Step 1: The Spice Roast. Dry roast whole spices until they release essential oils. Grind to a fine paste. | Step 2: The Sauté. Fry shallots and curry leaves in gingelly oil until softened. | Step 3: The Infusion. Add chicken and the ground masala paste. Sear meat to lock in juices. | Step 4: The Simmer. Cook on low heat with minimal water until chicken is tender and oil separates."
"meen moilee","Kerala Fish Moilee","A mild, stew-style fish curry from Kerala made with coconut milk, ginger, and green chilies.","30 mins","375","Kerala | Seafood | Creamy | Mild","500g Kingfish or Pomfret | 2 cups Coconut milk | Turmeric | Ginger slivers | Green chilies | Vinegar","Step 1: The Marinade. Coat fish with turmeric and salt. Pan-fry lightly. | Step 2: The Base. Sauté ginger, garlic, and chilies in coconut oil. | Step 3: The Thin Milk. Add thin coconut milk and turmeric. Simmer. | Step 4: The Poach. Add fish pieces. Cook gently. | Step 5: The Finish. Add thick coconut milk and a dash of vinegar. Do not boil further."
"mysore pak","Traditional Mysore Pak","A rich, porous, and melt-in-the-mouth sweet from Karnataka made of gram flour, sugar, and pure ghee.","40 mins","160","Dessert | Karnataka | Indulgent","1 cup Gram flour (Besan) | 2 cups Sugar | 2 cups Pure Ghee","Step 1: The Sift. Sift besan to remove all lumps. | Step 2: The Syrup. Boil sugar with water to a one-string consistency. | Step 3: The Emulsion. Gradually add besan to syrup while whisking. | Step 4: The Ghee Rain. Pour in hot, bubbling ghee while stirring vigorously. The mixture will froth and become porous. | Step 5: The Set. Pour into a tray immediately. Cut while still warm."
"sambar","Classic South Indian Sambar","A staple lentil-based vegetable stew with a complex tamarind-spice profile.","40 mins","187","South Indian | Vegan | High Fiber","1 cup Toor Dal | Mixed Vegetables (Drumstick, Pumpkin, Carrot) | Sambar Masala | Tamarind pulp","Step 1: The Dal. Pressure cook lentils with turmeric until mushy. | Step 2: The Veg. Boil vegetables in tamarind water with sambar powder. | Step 3: The Marriage. Combine lentils and vegetables. Simmer. | Step 4: The Tempering. Fry mustard, curry leaves, and hing in ghee and pour over."
"rasam","Tangy Tomato Rasam","A light, digestive soup-style dish flavored with black pepper, cumin, and tamarind.","20 mins","60","Healthy | Quick | Vegan","Tomatoes | Tamarind water | Black pepper | Cumin seeds | Garlic","Step 1: The Crush. Coarsely crush pepper, cumin, and garlic. | Step 2: The Base. Simmer tomatoes and tamarind water with turmeric. | Step 3: The Infusion. Add the crushed spice mix. | Step 4: The Tadka. Temper with mustard and curry leaves. Finish with fresh cilantro."
"avial","Kerala Avial","A celebratory mixed vegetable dish in a thick coconut and yogurt gravy.","35 mins","240","Kerala | Vegetarian | Coconut-Based","Mixed Vegetables (Yam, Raw Banana, Beans) | Grated Coconut | Cumin | Green chilies | Yogurt | Coconut oil","Step 1: The Cut. Slice vegetables into uniform batons. | Step 2: The Steam. Cook vegetables with turmeric and minimal water. | Step 3: The Paste. Grind coconut, cumin, and chilies into a coarse paste. | Step 4: The Blend. Fold paste into vegetables. Add yogurt and finish with raw coconut oil and curry leaves."
"puttu","Kerala Steamed Puttu","Cylindrical steamed cakes made of ground rice and coconut, a breakfast staple of Kerala.","25 mins","280","Kerala | Breakfast | Vegan","2 cups Puttu Flour (Coarse Rice Flour) | 1 cup Grated Coconut | Water | Salt","Step 1: The Crumb. Moistening flour with salted water until it reaches a damp sand consistency. | Step 2: The Layer. In a Puttu Kutti (steamer), layer coconut and rice flour alternately. | Step 3: The Steam. Steam for 8-10 minutes until steam escapes from the top vents. | Step 4: Serving. Serve hot with Kadala Curry or banana."
"ven pongal","Savory Ven Pongal","A comforting Tamil Nadu porridge made with rice and moong dal, tempered with black pepper and ginger.","30 mins","330","Breakfast | Comfort Food | Vegetarian","1 cup Rice | 1/2 cup Moong Dal | Ghee | Black pepper | Cumin | Ginger | Cashews","Step 1: The Roast. Lightly roast dal until fragrant. | Step 2: The Pressure Cook. Cook rice and dal together until very soft and mashable. | Step 3: The Tempering. Heat ghee. Fry cashews, cumin, crushed pepper, and ginger. | Step 4: The Mix. Fold the tempering and curry leaves into the hot pongal."
"medhu vada","Crispy Medhu Vada","Savory, doughnut-shaped lentil fritters that are crunchy on the outside and soft on the inside.","30 mins","97","South Indian | Breakfast | Vegan | Protein","1 cup Urad Dal | Green chilies | Ginger | Black peppercorns | Curry leaves | Oil for frying","Step 1: The Grind. Grind soaked dal with minimal water into a thick, fluffy batter. | Step 2: The Aeration. Whisk the batter vigorously to incorporate air. | Step 3: The Shape. Wet hands, take a ball of batter, make a hole in center. | Step 4: The Fry. Deep fry in hot oil until golden brown and crispy."
"lemon rice","Tangy Lemon Rice","A vibrant, aromatic rice dish tempered with mustard seeds, peanuts, and fresh lemon juice.","20 mins","237","Quick | Vegan | South Indian","2 cups Cooked Rice | 2 Lemons | Peanuts | Mustard seeds | Turmeric | Green chilies","Step 1: The Tadka. Fry mustard seeds, peanuts, and urad dal in oil until golden. | Step 2: The Color. Add turmeric and chilies. | Step 3: The Toss. Fold in cooked rice. Ensure every grain is coated. | Step 4: The Finish. Turn off heat and squeeze fresh lemon juice. Mix well."
"bisi bele bath","Karnataka Bisi Bele Bath","A spicy, tangy one-pot meal of rice, lentils, and vegetables, quintessential to Karnataka.","45 mins","320","Karnataka | One-Pot | Spicy","1 cup Rice | 1/2 cup Toor Dal | Mixed Veg | Bisi Bele Bath Masala | Tamarind | Ghee","Step 1: The Base. Cook rice and dal together until soft. | Step 2: The Veg. Sauté vegetables and cook with tamarind and masala powder. | Step 3: The Fusion. Combine all components with extra water to achieve a semi-liquid consistency. | Step 4: The Finish. Temper with ghee-fried cashews and curry leaves."
"appam","Kerala Lace Appam","Fermented rice and coconut milk pancakes with a soft, spongy center and crispy, lacy edges.","30 mins","120","Kerala | Breakfast | Vegan-Option","2 cups Rice | 1 cup Grated Coconut | Yeast or Toddy | Sugar | Salt","Step 1: The Batter. Grind soaked rice and coconut. Ferment with yeast for 8 hours. | Step 2: The Pour. Ladle batter into a hot Appam Chatti. | Step 3: The Swirl. Rotate the pan to spread batter to edges. | Step 4: The Steam. Cover and cook until edges are brown and center is set."
"curd rice","Soothing Curd Rice","The ultimate South Indian comfort food: soft-cooked rice mixed with fresh yogurt and tempered spices.","15 mins","190","Healthy | Comfort Food | Vegetarian","1 cup Cooked Rice | 1 cup Fresh Yogurt | Mustard seeds | Ginger | Pomegranate (optional)","Step 1: The Mash. Mash warm rice until grains are broken. | Step 2: The Blend. Mix with yogurt and a splash of milk to maintain creaminess. | Step 3: The Tempering. Fry mustard seeds, ginger, and curry leaves. | Step 4: The Garnish. Fold in tempering. Top with pomegranate or grapes for a traditional touch."
"tortilla","Traditional Spanish Tortilla de Patatas","The iconic confit-style omelet from Spain, focusing on the perfect balance of egg and olive oil-poached potatoes.","40 mins","420","Authentic | Vegetarian","6 Large organic eggs | 1.5 lbs Yukon Gold potatoes, peeled and sliced into 1/8 inch rounds | 1 Large white onion, thinly sliced | 2 cups Extra virgin olive oil (for poaching) | Sea salt to taste","Step 1: The Precision Cut (Mise en Place). Slice the **1.5 lbs of potatoes** into uniform 1/8 inch rounds. Slice the **1 large onion** into thin moon-shaped slivers. | Step 2: The Potato Poaching. Heat the **2 cups olive oil** in a deep skillet. Add potatoes and onions. Simmer gently for 15-20 mins until potatoes are tender. | Step 3: The Drain and Rest. Carefully drain the potatoes and onions in a colander, reserving the flavored oil. Let them cool slightly for 5 minutes. | Step 4: The Egg Binding. Whisk the **6 large eggs** in a large bowl with a **generous pinch of sea salt**. Gently fold in the warm potatoes and onions. Let the mixture sit for 10 minutes. | Step 5: The Initial Sear. Heat **2 tbsp of the reserved oil** in a non-stick pan over medium-high heat. Pour in the mixture. Spread evenly and cook for 2 minutes until edges are set. | Step 6: The Flip. Place a plate over the pan. In one swift motion, invert the pan. Slide the tortilla back into the pan to cook the other side. | Step 7: The Finishing. Tuck the edges under using a spatula. Cook for 2 more minutes. The center should remain slightly 'jugosa' (juicy/moist). | Step 8: The Plating & Tapas Arrangement. Slice into 8 uniform wedges. Top with a **dollop (1 tsp)** of alioli and a single pajarito pepper. Serve with crusty bread."
"steamed rice","Perfect Steamed Rice","The fundamental foundation of global cuisine, focused on achieving distinct, fluffy, and tender grains.","20 mins","130","Basic | Vegan | Gluten-Free | Essential","1 cup Long-grain or Medium-grain Rice | 2 cups Water | Pinch of Salt","Step 1: The Wash. Rinse rice under cold water until it runs completely clear to remove excess surface starch. | Step 2: The Ratio. Combine rice and water in a heavy-bottomed pot. | Step 3: The Simmer. Bring to a boil, then immediately reduce to the lowest possible simmer. Cover with a tight-fitting lid. | Step 4: The Rest. Remove from heat after 15 minutes. Let it sit, undisturbed, for 5 minutes. | Step 5: The Fluff. Use a fork to gently lift and separate the grains."
"basmati rice","Aromatic Basmati Rice","Fragrant, extra-long-grain rice cooked to perfection with individual, elongated grains.","25 mins","120","Indian | Aromatic | Side Dish","1 cup Aged Basmati Rice | 1.75 cups Water | 1 tsp Oil or Ghee | Whole spices (Optional: Cardamom, Cloves)","Step 1: The Soak. Soak washed rice for 30 minutes. This is critical for grain elongation. | Step 2: The Infusion. Sauté whole spices in ghee for 30 seconds before adding rice. | Step 3: The Absorption. Add water and salt. Cook on a very low flame with the lid sealed. | Step 4: The Steam. Allow the rice to finish cooking in its own steam for 10 minutes after turning off the heat."
"jeera rice","Cumin-Tempered Jeera Rice","A restaurant-style aromatic rice dish tempered with cumin seeds and whole spices.","20 mins","180","Indian | Aromatic | Vegetarian","2 cups Cooked Basmati Rice | 1 tbsp Ghee | 2 tsp Cumin seeds | Green chili | Fresh Cilantro","Step 1: The Tempering. Heat ghee in a large wok. Add cumin seeds and let them crackle and turn dark brown. | Step 2: The Sauté. Add slit green chili and a sprig of curry leaves. | Step 3: The Toss. Add cooked, cooled rice. Toss gently on high heat for 2-3 minutes. | Step 4: The Garnish. Finish with a generous amount of chopped cilantro."
"vegetable pulao","Fragrant Vegetable Pulao","A one-pot aromatic rice dish loaded with seasonal vegetables and mild spices.","35 mins","250","Indian | One-Pot | Vegetarian","1.5 cups Basmati Rice | Mixed Veg (Carrots, Peas, Beans, Potato) | Whole Spices | Onions | Ginger-Garlic paste","Step 1: The Base. Sauté onions and ginger-garlic paste until golden. | Step 2: The Veg. Add vegetables and sauté for 2 minutes with salt and a pinch of garam masala. | Step 3: The Toast. Add soaked rice and stir gently to coat each grain in oil. | Step 4: The Cook. Add water (1:1.5 ratio). Cook under pressure for 1 whistle or in a pot until water is absorbed."
"hyderabadi biryani","Hyderabadi Dum Biryani","The crown jewel of Indian cuisine: layered, partially cooked rice and marinated meat slow-cooked (Dum) to perfection.","90 mins","550","Indian | Celebratory | Spicy | High Protein","1kg Chicken or Mutton | 750g Basmati Rice | Yogurt | Fried Onions (Birista) | Saffron Milk | Mint & Cilantro | Biryani Masala","Step 1: The Marination. Marinate meat in yogurt, spices, and ginger-garlic for at least 4 hours. | Step 2: The Parboiling. Cook rice with whole spices until exactly 70% done (should have a bite). | Step 3: The Layering. In a heavy handi, layer marinated meat, then parboiled rice. Top with birista, mint, and saffron. | Step 4: The Dum. Seal the pot with dough or foil. Cook on high for 5 mins, then on a tawa (low heat) for 45 mins. | Step 5: The Reveal. Open the seal. Mix very gently from the side to maintain the color contrast."
"egg fried rice","Wok-Tossed Egg Fried Rice","A high-heat Chinese classic focusing on 'Wok Hei' and perfectly seasoned, separate grains.","15 mins","320","Chinese | Quick | Protein-Rich","3 cups Cold, Day-old Rice | 3 Eggs | Soy Sauce | Sesame Oil | Spring Onions | Garlic","Step 1: The Prep. Break up cold rice clumps. Whisk eggs with a dash of soy. | Step 2: The Scramble. Sauté garlic in a smoking hot wok. Add eggs and scramble quickly into small curds. | Step 3: The Char. Add rice. Toss vigorously on max heat to sear the grains. | Step 4: The Seasoning. Drizzle soy sauce and sesame oil around the edges of the wok. | Step 5: The Garnish. Fold in chopped spring onion greens and serve immediately."
"sushi rice","Seasoned Sushi Rice (Shari)","Short-grain Japanese rice seasoned with vinegar, sugar, and salt, characterized by its glossy appearance and slight stickiness.","45 mins","150","Japanese | Technical | Vegetarian","2 cups Sushi Rice (Koshihikari) | 2.5 cups Water | Sushi Vinegar (Rice Vinegar, Sugar, Salt)","Step 1: The Polishing. Wash rice 5-6 times by gently rubbing grains together until water is crystal clear. | Step 2: The Soak. Soak for 30 mins to ensure even hydration. | Step 3: The Cook. Cook in a rice cooker or heavy pot with exact measurements. | Step 4: The Seasoning. While hot, transfer to a wooden hangiri. Use a slicing motion with a spatula to fold in vinegar while fanning the rice to cool it rapidly and create a gloss."
"seafood paella","Authentic Seafood Paella","The soul of Spanish cuisine: saffron-infused Bomba rice cooked with a bounty of fresh seafood and a 'Socarrat' crust.","50 mins","450","Spanish | Seafood | Celebratory","2 cups Bomba Rice | Shrimp, Mussels, Calamari | Saffron threads | Fish stock | Sofrito (Tomato, Pepper, Garlic)","Step 1: The Sofrito. Cook the base sofrito in a wide paella pan until deep red and jammy. | Step 2: The Toast. Add rice and stir until translucent. | Step 3: The Infusion. Add hot saffron-infused stock. Do not stir from this point onwards. | Step 4: The Seafood. Arrange seafood on top during the last 8 minutes of cooking. | Step 5: The Socarrat. Increase heat for the last 2 minutes to create the prized caramelized crust at the bottom."
"kheer","Creamy Rice Kheer","A traditional Indian slow-cooked rice pudding flavored with cardamom and garnished with nuts.","45 mins","220","Dessert | Indian | Creamy","1/4 cup Basmati Rice | 1 Liter Full-fat Milk | 1/2 cup Sugar | Cardamom powder | Almonds & Pistachios","Step 1: The Reduction. Simmer milk in a heavy-bottomed pan until it reduces by 20%. | Step 2: The Slow Cook. Add washed rice and cook on low heat, stirring occasionally to prevent burning, until rice is completely soft. | Step 3: The Sweetening. Add sugar and cardamom once the mixture reaches a thick, creamy consistency. | Step 4: The Finish. Garnish with slivered nuts. Serve warm or chilled."
"pani puri","Artisanal Pani Puri (Gol Gappa)","The crown jewel of Indian street food. Crispy hollow semolina balls filled with spiced potatoes and tangy, mint-infused 'pani'.","45 mins","180","Indian | Street Food | Spicy | Vegetarian","Semolina Puris | Mashed Potatoes | Boiled Chickpeas | Mint & Coriander leaves | Green Chilies | Ginger | Tamarind Pulp | Black Salt | Chaat Masala","Step 1: The Spiced Water. Blend mint, coriander, ginger, and chilies into a fine paste. Mix with cold water, tamarind pulp, black salt, and chaat masala. Chill for best flavor. | Step 2: The Filling. Mix mashed potatoes with chickpeas, red chili powder, and a pinch of salt. | Step 3: The Assembly. Carefully poke a hole in the top of the puri. Fill with the potato mixture. | Step 4: The Dip. Dip the filled puri into the spiced water and consume immediately in one bite for the ultimate flavor explosion."
"aloo tikki chaat","Royal Aloo Tikki Chaat","Crispy potato patties topped with a medley of chutneys, sweetened yogurt, and crunchy sev.","30 mins","320","Indian | Street Food | Comfort Food | Vegetarian","4 Boiled potatoes | 2 tbsp Cornflour | Sweetened Yogurt | Green Chutney | Tamarind Chutney | Fine Sev | Pomegranate seeds","Step 1: The Tikki. Mash potatoes, mix with cornflour and salt. Shape into thick discs. | Step 2: The Crisp. Shallow fry the patties on medium heat until the exterior is dark golden and ultra-crispy. | Step 3: The Layering. Place tikkis on a plate, lightly crush them. Generously top with whisked yogurt, then the green and tamarind chutneys. | Step 4: The Garnish. Sprinkle with chaat masala, fine sev, and fresh coriander. Finish with pomegranate seeds for a burst of sweetness."
"papdi chaat","Heritage Papdi Chaat","A symphony of textures featuring crispy flour crackers, creamy yogurt, and zesty spices.","20 mins","280","Indian | Street Food | Quick | Vegetarian","Papdis (Flour crackers) | Boiled Potatoes | Chickpeas | Yogurt | Tamarind Chutney | Green Chutney | Chaat Masala","Step 1: The Base. Arrange papdis in a single layer on a serving platter. | Step 2: The Loading. Top each papdi with diced potatoes and chickpeas. | Step 3: The Drizzle. Pour seasoned yogurt over the crackers, followed by swirls of mint and tamarind chutneys. | Step 4: The Final Touch. Dust with chaat masala and garnish with sev and fresh coriander."
"bhel puri","Mumbai Style Bhel Puri","A light and refreshing savory snack made with puffed rice, vegetables, and tangy chutneys.","15 mins","150","Indian | Street Food | Healthy-ish | Vegan-Option","Puffed Rice (Murmura) | Fine Sev | Chopped Onions | Tomatoes | Boiled Potatoes | Peanuts | Tamarind Chutney | Green Chutney","Step 1: The Crunch. In a large bowl, combine puffed rice with peanuts and sev. | Step 2: The Freshness. Add finely chopped onions, tomatoes, and potatoes. | Step 3: The Zest. Quickly fold in the mint and tamarind chutneys along with a squeeze of lemon juice. | Step 4: The Serve. Toss everything together and serve immediately before the puffed rice turns soggy."
"samosa chaat","Deconstructed Samosa Chaat","Crispy samosas broken down and topped with a spicy chickpea curry (Chana Masala) and chutneys.","25 mins","450","Indian | Street Food | Indulgent | Vegetarian","2 Samosas | 1 cup Chana Masala | Yogurt | Tamarind Chutney | Green Chutney | Onions | Coriander","Step 1: The Foundation. Roughly break the samosas into 3-4 pieces on a plate. | Step 2: The Gravy. Pour hot, spiced Chana Masala over the samosa pieces. | Step 3: The Toppings. Add dollops of yogurt and both chutneys. | Step 4: The Crunch. Garnish with chopped onions, sev, and fresh coriander leaves."
"dahi puri","Velvety Dahi Puri","Crispy puris filled with potatoes and chickpeas, then drowned in sweetened yogurt and chutneys.","20 mins","240","Indian | Street Food | Creamy | Vegetarian","Semolina Puris | Potatoes | Sweetened Yogurt | Tamarind Chutney | Green Chutney | Chaat Masala | Sev","Step 1: The Prep. Poke holes in the puris and fill them with a mixture of boiled potatoes and chickpeas. | Step 2: The Drowning. Fill each puri to the brim with smooth, whisked, sweetened yogurt. | Step 3: The Tang. Add drops of green and tamarind chutneys on top of the yogurt. | Step 4: The Finish. Sprinkle generously with chaat masala and a mountain of fine sev."
"sev puri","Classic Mumbai Sev Puri","Flat crispy papdis topped with potatoes, three types of chutneys, and a heavy layer of sev.","15 mins","210","Indian | Street Food | Savory | Vegetarian","Flat Papdis | Mashed Potatoes | Onions | Raw Mango (seasonal) | Garlic Chutney | Tamarind Chutney | Green Chutney | Sev","Step 1: The Base. Lay out flat papdis on a plate. | Step 2: The Build. Add a layer of spiced mashed potatoes followed by chopped onions and raw mango. | Step 3: The Three Chutneys. Add spicy garlic chutney, sweet tamarind chutney, and tangy green chutney. | Step 4: The Sev Cover. Top each papdi with a generous amount of sev until the base is barely visible."
"raj kachori","The King of Chaats (Raj Kachori)","A giant crispy kachori shell stuffed with a royal assortment of lentils, potatoes, yogurt, and every imaginable chutney.","40 mins","550","Indian | Street Food | Royal | Indulgent","Large crispy Kachori shell | Sprouted lentils | Boiled potatoes | Dahi Bhalla pieces | Thick Yogurt | Pomegranate | Grapes | Assorted Chutneys","Step 1: The Shell. Create a large hole in the top of the oversized kachori. | Step 2: The Stuffing. Fill with sprouts, potatoes, and small pieces of dahi bhalla. | Step 3: The Royal Pour. Layer with thick, sweetened yogurt followed by emerald mint and ruby tamarind chutneys. | Step 4: The Jewel Garnish. Decorate with pomegranate seeds, grapes, sev, and a dusting of roasted cumin powder."
"dahi bhalla","Soft & Spongy Dahi Bhalla","Lentil dumplings soaked in water then topped with creamy yogurt and tangy chutneys.","60 mins","310","Indian | Street Food | Soft | Vegetarian","Urad Dal (split black gram) | Ginger | Green Chilies | Yogurt | Roasted Cumin powder | Red Chili powder | Tamarind Chutney","Step 1: The Batter. Grind soaked urad dal with ginger and chilies into a fluffy batter. | Step 2: The Fry. Fry small balls of batter until light golden. | Step 3: The Soak. Immediately soak the fried bhallas in warm water for 20 mins, then squeeze gently to remove excess water. | Step 4: The Plating. Cover the bhallas with thick, whisked yogurt. Top with tamarind chutney and a sprinkle of roasted cumin and red chili powder."
"banh mi","Saigon Style Banh Mi","The ultimate fusion sandwich. A crusty baguette filled with savory pate, pickled vegetables, and cilantro.","20 mins","420","Vietnamese | Street Food | Fusion | Quick","Vietnamese Baguette | Pork Liver Pate | Pickled Daikon & Carrots | Cucumber | Cilantro | Soy Sauce | Mayo","Step 1: The Bread. Toast baguette until the exterior is shattering-crisp. | Step 2: The Foundation. Spread a thick layer of pate on one side and mayo on the other. | Step 3: The Loading. Layer with sliced pork or tofu, fresh cucumbers, and tangy pickled vegetables. | Step 4: The Garnish. Top with plenty of fresh cilantro, soy sauce, and optional bird's eye chilies."
"tteokbokki","Seoul Spicy Tteokbokki","Chewy rice cakes simmered in a thick, sweet, and fiery gochujang sauce.","25 mins","480","Korean | Street Food | Spicy | Vegetarian-Option","Cylindrical Rice Cakes (Tteok) | Gochujang (Chili Paste) | Gochugaru (Chili Flakes) | Fish Cakes | Dashi stock | Green onions","Step 1: The Sauce. Whisk gochujang, gochugaru, sugar, and soy sauce into the dashi stock. | Step 2: The Simmer. Add rice cakes and fish cakes to the sauce. Cook over medium heat. | Step 3: The Reduction. Simmer until the sauce thickens and the rice cakes are tender and chewy. | Step 4: Finishing. Garnish with chopped green onions and a boiled egg."
"elote","Mexican Street Corn (Elote)","Grilled corn on the cob slathered in a creamy, tangy sauce and coated in salty cotija cheese.","15 mins","290","Mexican | Street Food | Vegetarian | Quick","Fresh Corn on the cob | Mayo & Mexican Crema | Cotija Cheese | Chili Powder | Lime juice | Cilantro","Step 1: The Grill. Grill corn until charred in spots across the whole surface. | Step 2: The Coating. Mix mayo, crema, and lime juice. Brush generously over the hot corn. | Step 3: The Cheese. Roll the corn in crumbled cotija cheese until evenly coated. | Step 4: The Final Kick. Sprinkle with chili powder and fresh cilantro. Serve with extra lime."
"currywurst","Berlin Currywurst","Steam-fried bratwurst topped with a signature spiced tomato sauce and plenty of curry powder.","20 mins","520","German | Street Food | Savory | Classic","Bratwurst | Tomato Ketchup | Curry Powder | Worcestershire sauce | Paprika | Onion powder","Step 1: The Sausage. Fry the bratwurst until browned and cooked through. Slice into bite-sized pieces. | Step 2: The Sauce. Mix ketchup with paprika, onion powder, and a dash of Worcestershire. Simmer briefly. | Step 3: The Assembly. Pour the sauce over the sliced sausage. | Step 4: The Finish. Dust heavily with high-quality curry powder. Serve with a side of fries or a crusty roll."
"gyros","Authentic Greek Gyros","Spiced meat wrapped in warm pita with creamy tzatziki, tomatoes, onions, and crispy fries.","30 mins","610","Greek | Street Food | Mediterranean | Protein","Pork or Chicken (sliced thin) | Pita Bread | Tzatziki | Tomatoes | Red Onions | French Fries","Step 1: The Meat. Marinate meat in lemon, garlic, and oregano. Pan-sear until crispy. | Step 2: The Pita. Lightly oil and char pita bread on a griddle. | Step 3: The Wrap. Spread tzatziki on pita. Layer meat, vegetables, and—crucially—a handful of fries inside. | Step 4: The Roll. Fold tightly and serve wrapped in parchment paper for the true street experience."
"koshary","Egyptian Koshary","The national dish of Egypt. A hearty mix of rice, lentils, pasta, and chickpeas topped with a spicy tomato sauce and crispy onions.","45 mins","450","Egyptian | Street Food | Vegan | Complex","Rice | Brown Lentils | Macaroni | Chickpeas | Tomato Sauce | Fried Onions | Garlic sauce","Step 1: The Grains. Cook rice, lentils, and pasta separately. Mix them together for the base. | Step 2: The Sauce. Simmer tomato sauce with garlic and spices until rich. | Step 3: The Zest. Mix vinegar, garlic, and cumin for the tangy drizzle. | Step 4: The Build. Layer the grains, top with tomato sauce, chickpeas, and a mountain of crispy fried onions."
"baozi","Steamed Baozi (Buns)","Soft, pillowy steamed buns filled with savory pork and cabbage.","120 mins","220","Chinese | Street Food | Soft | Comfort","Yeast dough | Ground Pork | Napa Cabbage | Ginger | Soy Sauce | Sesame Oil","Step 1: The Dough. Knead yeast dough and let rise until doubled. | Step 2: The Filling. Mix pork with finely chopped cabbage, ginger, and soy sauce. | Step 3: The Pinch. Divide dough into rounds. Place filling in center and pinch and fold to close. | Step 4: The Steam. Steam for 15-20 minutes until the dough is airy and the filling is juicy."
"pao de queijo","Brazilian Cheese Bread","Small, chewy cheese rolls made with tapioca flour, making them naturally gluten-free.","30 mins","140","Brazilian | Street Food | Gluten-Free | Vegetarian","Tapioca Flour | Milk | Oil | Eggs | Minas or Parmesan Cheese","Step 1: The Prep. Heat the milk and oil, then pour over tapioca flour to create a sticky dough. | Step 2: The Blend. Mix in eggs and plenty of grated cheese until smooth. | Step 3: The Shape. Form into small balls with oiled hands. | Step 4: The Bake. Bake at high heat until golden and puffed. Serve while hot and stretchy."
"bunny chow","Durban Bunny Chow","A hollowed-out loaf of white bread filled with spicy, aromatic mutton or bean curry.","60 mins","750","South African | Street Food | Spicy | Unique","Quarter Loaf White Bread | Mutton or Bean Curry | Carrot Salad","Step 1: The Curry. Prepare a rich, deep-flavored curry with ginger, garlic, and Durban spices. | Step 2: The Bread. Hollow out the center of a quarter loaf of bread, keeping the 'virgin' crumb piece for dipping. | Step 3: The Fill. Ladle the hot curry into the hollowed bread. | Step 4: Serve. Top with carrot salad. Eat entirely with your hands, using the bread to soak up the gravy."
"sachertorte","Viennese Sachertorte","A famous, dense chocolate cake with a secret layer of apricot jam.","90 mins","450","Austrian | Dessert | Chocolate | Classic","Dark Chocolate | Butter | Eggs | Sugar | Flour | Apricot Jam","Step 1: Getting Ready. Melt chocolate and butter together until smooth. | Step 2: The Batter. Whisk egg yolks with sugar, then fold in the melted chocolate and flour. | Step 3: The Fluff. Gently fold in stiffly beaten egg whites. | Step 4: The Bake. Bake at 170°C for 45 mins. Once cool, slice in half and spread apricot jam in the middle. | Step 5: The Glaze. Cover the entire cake with a smooth layer of chocolate cream."
"lamington","Australian Lamingtons","Light sponge cake squares dipped in chocolate and rolled in coconut.","45 mins","220","Australian | Dessert | Quick | Sweet","Sponge Cake | Cocoa Powder | Icing Sugar | Butter | Desiccated Coconut","Step 1: The Squares. Cut the sponge cake into even 2-inch cubes. | Step 2: The Dip. Make a thin chocolate sauce with cocoa, sugar, and butter. | Step 3: The Coating. Dip each square into the chocolate sauce until covered. | Step 4: The Finish. Roll immediately in coconut until fully coated. Let set on a wire rack."
"tres leches","Three-Milk Cake (Tres Leches)","A soft sponge cake soaked in a rich mixture of three different types of milk.","60 mins","380","Latin American | Dessert | Creamy | Popular","Sponge Cake | Evaporated Milk | Condensed Milk | Heavy Cream | Whipped Cream","Step 1: The Poke. Bake a simple sponge cake and poke many holes in the top with a fork. | Step 2: The Soak. Mix the three milks together and pour slowly over the warm cake. | Step 3: The Chill. Let the cake sit in the fridge for at least 4 hours to soak up all the liquid. | Step 4: The Top. Spread a thick layer of whipped cream over the top before serving."
"panettone","Milanese Panettone","A tall, sweet Italian bread filled with raisins and candied fruit.","180 mins","310","Italian | Dessert | Holiday | Baking","Flour | Yeast | Butter | Eggs | Raisins | Candied Orange Peel","Step 1: The Dough. Create a soft, buttery yeast dough and let it rise until very light. | Step 2: The Fruit. Fold in the raisins and candied fruit pieces. | Step 3: The Shape. Place in a tall, cylindrical paper mold. | Step 4: The Bake. Bake until high and golden brown. Hang upside down to cool so it stays fluffy."
"macaron","Parisian Macarons","Delicate almond cookies with a smooth, creamy filling.","60 mins","90","French | Dessert | Fine Pastry | Colorful","Almond Flour | Icing Sugar | Egg Whites | Granulated Sugar | Buttercream or Ganache","Step 1: The Mix. Whisk egg whites into a stiff foam. Gently fold in almond flour and icing sugar. | Step 2: The Pipe. Squeeze small circles onto a baking sheet. Let them sit for 30 mins to form a skin. | Step 3: The Bake. Bake at low heat until they have 'feet' and a smooth top. | Step 4: The Fill. Sandwich two cookies together with a dollop of chocolate cream or jam."
"turkish delight","Traditional Turkish Delight","Sweet, chewy squares flavored with rosewater or lemon and dusted with sugar.","120 mins","120","Turkish | Dessert | Confectionery | Sweet","Sugar | Cornstarch | Water | Lemon Juice | Rosewater | Chopped Pistachios","Step 1: The Syrup. Boil sugar and water with lemon juice to create a thick syrup. | Step 2: The Thickener. Whisk in cornstarch and water until the mixture is very thick and glue-like. | Step 3: The Flavor. Stir in rosewater and nuts. Pour into a greased tray. | Step 4: The Set. Let it cool for several hours, then cut into cubes and roll in extra starch and sugar."
"alfajores","South American Alfajores","Soft, melt-in-your-mouth cookies filled with sweet dulce de leche.","40 mins","190","South American | Dessert | Shortbread | Sweet","Cornstarch | Flour | Butter | Sugar | Egg Yolks | Dulce de Leche | Coconut","Step 1: The Dough. Mix butter and sugar, then add yolks and the flour/cornstarch mix. | Step 2: The Circles. Roll out and cut into small circles. Bake until just set but still pale. | Step 3: The Filling. Spread a thick layer of dulce de leche on one cookie and top with another. | Step 4: The Roll. Roll the edges in coconut so it sticks to the filling."
"creme brulee","Classic Crème Brûlée","A rich vanilla custard with a crispy, burnt sugar top.","45 mins","320","French | Dessert | Creamy | Classic","Heavy Cream | Vanilla Bean | Egg Yolks | Sugar","Step 1: The Custard. Heat cream with vanilla. Whisk yolks and sugar, then slowly stir in the warm cream. | Step 2: The Bake. Pour into small dishes and bake in a water bath until just wobbly. | Step 3: The Chill. Chill in the fridge for at least 2 hours. | Step 4: The Burn. Sprinkle sugar on top and use a torch (or broiler) to melt and brown the sugar until it forms a hard crust."
"sticky toffee pudding","British Sticky Toffee Pudding","A dark, moist date cake covered in a warm, buttery toffee sauce.","50 mins","540","British | Dessert | Comfort | Sweet","Dates | Baking Soda | Butter | Sugar | Eggs | Flour | Heavy Cream","Step 1: The Dates. Soak chopped dates in boiling water with baking soda until soft. | Step 2: The Cake. Mix butter, sugar, and eggs, then stir in the date mixture and flour. Bake until set. | Step 3: The Sauce. Boil butter, sugar, and cream until it becomes a thick, golden sauce. | Step 4: The Finish. Pour the hot sauce over the warm cake and serve with vanilla ice cream."
"baklava","Honey & Nut Baklava","Crispy layers of thin pastry filled with chopped nuts and soaked in honey syrup.","60 mins","330","Middle Eastern | Dessert | Crispy | Sweet","Phyllo Pastry | Butter | Walnuts or Pistachios | Honey | Sugar | Lemon Juice","Step 1: The Layers. Brush each thin pastry sheet with melted butter and stack them. | Step 2: The Nuts. Spread a thick layer of chopped nuts in the middle. | Step 3: The Bake. Cut into diamond shapes and bake until golden and crispy. | Step 4: The Syrup. Pour cold honey and sugar syrup over the hot pastry. Let it soak for hours."
"pastel de nata","Portuguese Egg Tart","A flaky puff pastry crust filled with a creamy, caramelized egg custard.","40 mins","210","Portuguese | Dessert | Pastry | Classic","Puff Pastry | Milk | Sugar | Egg Yolks | Cinnamon | Lemon Peel","Step 1: The Crust. Line small tart molds with thin layers of puff pastry. | Step 2: The Cream. Cook milk, sugar, and lemon peel. Whisk in yolks until smooth and thick. | Step 3: The Bake. Bake at very high heat until the custard has dark brown spots on top. | Step 4: The Serve. Dust with cinnamon and eat while still warm."
"tiramisu","Classic Italian Tiramisu","Layers of coffee-soaked cookies and light, sweet Italian cream cheese.","30 mins","420","Italian | Dessert | Coffee | No-Bake","Ladyfinger Cookies | Strong Coffee | Mascarpone | Egg Yolks | Sugar | Cocoa Powder","Step 1: The Coffee. Dip each cookie quickly into cold coffee. | Step 2: The Cream. Whisk yolks and sugar, then fold in the mascarpone and whipped whites. | Step 3: The Layering. Arrange cookies in a dish, cover with cream, and repeat. | Step 4: The Chill. Let it set in the fridge overnight. Dust heavily with cocoa powder before serving."
"pavlova","Summer Berry Pavlova","A light-as-air sweet egg white foam cake with a marshmallow center and fresh fruit.","90 mins","250","Australian | Dessert | Light | Fruit","Egg Whites | Sugar | Cornstarch | Vinegar | Whipped Cream | Fresh Berries","Step 1: The Foam. Whisk egg whites and sugar until they form very stiff, glossy peaks. | Step 2: The Shape. Mound the foam on a tray, making a small dip in the middle. | Step 3: The Bake. Bake at very low heat for an hour until the outside is dry and crispy. | Step 4: The Top. Fill the center with whipped cream and pile high with fresh berries."
"gelato","Artisanal Italian Gelato","A dense, smooth, and creamy frozen treat that is more flavorful than regular ice cream.","40 mins","180","Italian | Dessert | Frozen | Creamy","Milk | Heavy Cream | Sugar | Natural Flavors (Fruit, Nut, or Chocolate)","Step 1: The Base. Simmer milk, cream, and sugar. Do not let it boil. | Step 2: The Flavor. Stir in your chosen flavor (like crushed pistachios or cocoa). | Step 3: The Churn. Pour into an ice cream maker and churn slowly to avoid adding too much air. | Step 4: The Serve. Serve at a slightly warmer temperature than ice cream for the best texture."
"kulfi","Indian Cardamom Kulfi","A dense and creamy frozen dairy dessert, often flavored with cardamom and saffron.","60 mins","220","Indian | Dessert | Frozen | Traditional","Whole Milk | Sugar | Cardamom Powder | Saffron | Chopped Nuts","Step 1: The Reduction. Simmer milk on low heat for a long time until it reduces to 1/3 of its volume and becomes thick. | Step 2: The Sweetener. Stir in sugar and cardamom. Let it cool completely. | Step 3: The Freeze. Pour into molds and freeze until solid. | Step 4: Plating. Remove from molds and serve sliced with a sprinkle of nuts."
"arepas","Stuffed Corn Arepas","Golden cornmeal cakes grilled and stuffed with savory fillings like cheese or meat.","20 mins","310","Latin American | Street Food | Gluten-Free | Savory","Pre-cooked Cornmeal | Water | Salt | Cheese or Shredded Beef","Step 1: The Dough. Mix cornmeal, water, and salt until it forms a soft, smooth dough. | Step 2: The Discs. Shape into thick circles with your hands. | Step 3: The Grill. Sear in a pan with a little oil until both sides are golden and crispy. | Step 4: The Stuff. Slice open while hot and fill with plenty of cheese or meat."
"satay","Grilled Chicken Satay","Marinated meat skewers grilled over charcoal and served with a spicy peanut sauce.","30 mins","280","Southeast Asian | Street Food | Protein | Spicy","Chicken Thighs | Turmeric | Lemongrass | Soy Sauce | Peanut Sauce","Step 1: The Skewers. Slice chicken into strips and thread onto bamboo sticks. | Step 2: The Flavor. Marinate in turmeric, garlic, and soy sauce for at least an hour. | Step 3: The Grill. Grill over high heat until charred and smoky. | Step 4: The Sauce. Serve with a warm, thick sauce made from ground peanuts and chilies."
"falafel","Middle Eastern Falafel","Crispy fried balls of ground chickpeas and fresh herbs.","25 mins","330","Middle Eastern | Street Food | Vegan | Quick","Dried Chickpeas (soaked) | Parsley | Coriander | Garlic | Cumin","Step 1: The Mix. Pulse soaked chickpeas with herbs and garlic in a food processor until it looks like coarse sand. | Step 2: The Balls. Form into small balls or thick discs. | Step 3: The Fry. Deep-fry until the outside is dark brown and very crispy. | Step 4: The Wrap. Serve inside a warm pita with salad and garlic sauce."
"chimichanga","Deep-Fried Chimichanga","A large burrito stuffed with meat and cheese, then fried until the shell is shattering-crisp.","20 mins","650","Mexican-American | Street Food | Indulgent | Crispy","Large Flour Tortilla | Shredded Chicken or Beef | Refried Beans | Cheese","Step 1: The Wrap. Fill the tortilla with meat, beans, and cheese. Fold tightly so nothing leaks out. | Step 2: The Fry. Fry in hot oil until the whole tortilla is golden and crispy. | Step 3: The Top. Place on a plate and cover with salsa, sour cream, and guacamole. | Step 4: Serve. Eat while the shell is still hot and crunchy."
"empanadas","Golden Beef Empanadas","Hand-held pastry pockets filled with spiced meat, raisins, and olives.","45 mins","240","Latin American | Street Food | Pastry | Savory","Pastry Dough Circles | Ground Beef | Onions | Cumin | Hard-boiled Eggs | Olives","Step 1: The Filling. Cook beef with onions and spices until savory and dry. | Step 2: The Fold. Place a spoonful of filling in the center of a dough circle. Fold in half. | Step 3: The Seal. Use a fork or your fingers to pinch and fold the edges shut. | Step 4: The Bake/Fry. Bake until golden brown or fry for a crispier finish."
"pirozhki","Russian Pirozhki","Small, soft yeast buns filled with savory ingredients like cabbage or meat.","90 mins","220","Russian | Street Food | Comfort | Soft","Yeast Dough | Sautéed Cabbage | Boiled Eggs | Onions","Step 1: The Dough. Make a soft, slightly sweet yeast dough and let it rise. | Step 2: The Filling. Cook cabbage with onions and chopped eggs until tender. | Step 3: The Shape. Wrap small amounts of dough around the filling. | Step 4: The Finish. Bake in the oven or fry in a pan until golden and fluffy."
"anticuchos","Peruvian Grilled Skewers (Anticuchos)","Boldly spiced meat skewers grilled to perfection, a staple of Lima's streets.","30 mins","310","Peruvian | Street Food | Protein | Spicy","Beef Heart or Steak | Aji Panca Chili Paste | Garlic | Vinegar | Cumin","Step 1: The Skewers. Cut meat into thick chunks and thread onto skewers. | Step 2: The Flavor. Marinate in a bold mixture of chili paste, vinegar, and garlic. | Step 3: The Grill. Grill over high heat, brushing with extra marinade until charred. | Step 4: Serve. Usually served with a boiled potato and a spicy green sauce."
"coxinha","Brazilian Chicken Coxinha","Teardrop-shaped croquettes filled with creamy shredded chicken.","60 mins","280","Brazilian | Street Food | Crispy | Popular","Chicken Breast | Cream Cheese | Flour | Chicken Broth | Breadcrumbs","Step 1: The Filling. Mix shredded cooked chicken with cream cheese and herbs. | Step 2: The Dough. Cook flour in chicken broth until it forms a thick, workable dough. | Step 3: The Shape. Wrap a piece of dough around the chicken filling and shape it like a teardrop. | Step 4: The Coating. Dip in egg, then breadcrumbs, and deep-fry until golden brown and crispy."
"mango sticky rice","Authentic Thai Mango Sticky Rice","The classic Thai dessert of sweet, coconut-infused glutinous rice served with perfectly ripe, sliced mangoes.","40 mins","380","Thai | Dessert | Fruit | Classic","1 cup Glutinous (Sticky) Rice | 1 cup Coconut Milk | 1/2 cup Sugar | 1/2 tsp Salt | 2 Ripe Mangoes | Toasted Mung Beans or Sesame seeds","Step 1: Getting Ready. Soak the sticky rice in water for at least 4 hours (overnight is best) to soften the grains. | Step 2: The Steam. Drain the rice and steam it in a steamer basket or cheesecloth for 20-25 minutes until tender and translucent. | Step 3: The Sauce. While the rice steams, heat coconut milk, sugar, and salt in a small pan. Stir until the sugar dissolves. Do not let it boil. | Step 4: The Mix. Transfer the hot steamed rice to a bowl and pour 3/4 of the warm coconut sauce over it. Cover and let it sit for 20 minutes so the rice absorbs the liquid. | Step 5: Serving. Slice fresh mangoes. Place a mound of rice on a plate, drizzle with the remaining sauce, and top with toasted mung beans or sesame seeds."
"palak paneer","Authentic Palak Paneer","A beloved North Indian dish of soft paneer cheese cubes in a smooth, vibrant spinach sauce.","35 mins","320","Indian | Vegetarian | Healthy | Classic","Spinach (Palak) | Paneer (Indian Cheese) | Onions | Tomatoes | Ginger-Garlic Paste | Turmeric | Cumin Powder | Garam Masala | Heavy Cream (optional)","Step 1: The Green Base. Boil spinach leaves for 2 minutes, then immediately dip in cold water. Blend into a smooth, bright green sauce. | Step 2: The Sauté. Cook finely diced onions and tomatoes in a pan until they are soft and the oil starts to separate. | Step 3: The Sauce. Stir in the spinach sauce and bring to a gentle simmer. | Step 4: The Cheese. Gently fold in the paneer cubes. You can grill them first for extra texture if you like. | Step 5: Finishing. Stir in the spices (cumin, turmeric, garam masala) and a splash of cream for a silky finish. Serve with hot naan or rice."
"baguette","French Crusty Baguette","The iconic long French bread with a thin, crispy crust and a light, airy inside.","180 mins","250","French | Bread | Baking | Classic","Bread Flour | Water | Yeast | Salt","Step 1: The Dough. Mix flour, water, yeast, and salt into a sticky dough. | Step 2: Working the Dough. Stretch and fold the dough every 30 minutes for 2 hours to build strength. | Step 3: The Shape. Roll into long, thin logs and let them rise on a floured cloth. | Step 4: The Bake. Score the top with a sharp knife and bake with steam until dark golden and crispy."
"croissant","Buttery French Croissant","A flaky, golden-brown pastry made by folding many layers of butter into the dough.","240 mins","350","French | Pastry | Breakfast | Technique","Flour | Butter (lots of it) | Milk | Sugar | Yeast","Step 1: The Base. Make a soft yeast dough and chill it in the fridge. | Step 2: The Butter Layer. Place a flat block of cold butter on the dough and fold it over. | Step 3: Folding. Roll out the dough and fold it like a letter three times, chilling between each fold to create layers. | Step 4: The Shape. Cut into triangles, roll them up, and let them rise until very light. | Step 5: The Bake. Brush with egg and bake until puffed, flaky, and golden brown."
"brioche","Rich French Brioche","A very soft and buttery bread that is almost like a cake, perfect for French toast.","150 mins","320","French | Bread | Rich | Baking","Flour | Eggs | Butter | Milk | Sugar | Yeast","Step 1: The Mix. Combine flour, yeast, sugar, and eggs in a bowl. | Step 2: Adding Butter. Gradually work in softened butter until the dough is smooth and glossy. | Step 3: Letting it Rise. Let the dough rise until doubled in size, then chill it to make it easier to handle. | Step 4: The Bake. Shape into small balls or a loaf, let rise again, and bake until dark golden."
"sourdough","San Francisco Sourdough","A tangy, crusty bread made using a natural yeast mixture for a deep flavor.","360 mins","280","American | Bread | Healthy | Classic","Sourdough Starter | Bread Flour | Water | Salt","Step 1: The Mix. Combine the starter with flour and water. Let it rest for 30 mins. | Step 2: The Stretch. Stretch and fold the dough several times over 4 hours. | Step 3: The Shape. Form into a tight round ball and let it rise in a basket overnight in the fridge. | Step 4: The Bake. Bake in a hot Dutch oven to trap steam for a perfectly crispy crust."
"english muffin","Toasted English Muffins","Small, round, spongy breads with 'nooks and crannies' perfect for butter and jam.","90 mins","150","British | Bread | Breakfast | Quick","Flour | Milk | Butter | Yeast | Cornmeal","Step 1: The Dough. Mix a soft, wet dough and let it rise until bubbly. | Step 2: The Shape. Cut into circles and coat the bottom with cornmeal. | Step 3: The Griddle. Instead of baking, cook these in a pan over low heat until golden on both sides. | Step 4: Serve. Split open with a fork (not a knife!) to preserve the holes inside."
"scone","Classic British Scones","Simple, lightly sweet breads that are a staple of afternoon tea.","30 mins","240","British | Bread | Tea Time | Quick","Self-raising Flour | Butter | Milk | Sugar | Pinch of Salt","Step 1: The Crumble. Rub cold butter into the flour with your fingertips until it looks like crumbs. | Step 2: The Mix. Quickly stir in milk and sugar to form a soft dough. Do not overwork it! | Step 3: The Shape. Roll out thick and cut into circles. | Step 4: The Bake. Bake at high heat for 12-15 mins until well-risen and golden."
"bagel","New York Style Bagels","Chewy, ring-shaped bread that is boiled before baking for a unique texture.","120 mins","290","American | Bread | Breakfast | Classic","High-Protein Flour | Water | Yeast | Malt Syrup or Honey | Salt","Step 1: The Ring. Make a very stiff dough and shape into rings. | Step 2: The Boil. Boil the rings in water with a little honey for 1 minute on each side. | Step 3: The Toppings. Dip the wet bagels into sesame seeds, poppy seeds, or salt. | Step 4: The Bake. Bake at high heat until they have a shiny, chewy crust."
"banana bread","Moist Banana Bread","A sweet, cake-like bread made from overripe bananas. A perfect way to use up fruit.","60 mins","320","American | Sweet Bread | Easy | Baking","Overripe Bananas | Melted Butter | Sugar | Egg | Vanilla | Baking Soda | Flour","Step 1: The Mash. Mash the bananas with a fork until smooth. | Step 2: The Mix. Stir in the butter, sugar, egg, and vanilla. | Step 3: The Dry. Fold in the baking soda and flour until just combined. | Step 4: The Bake. Pour into a loaf pan and bake for 50-60 mins until a toothpick comes out clean."
"concha","Mexican Shell Bread (Concha)","A soft sweet roll topped with a beautiful, crunchy sugar crust shaped like a seashell.","150 mins","310","Mexican | Sweet Bread | Breakfast | Colorful","Bread Flour | Milk | Butter | Eggs | Yeast | Sugar | Shortening (for topping)","Step 1: The Bun. Make a soft, sweet yeast dough and let it rise until fluffy. | Step 2: The Topping. Mix sugar, flour, and shortening into a paste. Flatten into thin circles. | Step 3: The Design. Place the sugar circle on the bun and use a knife to score a shell pattern. | Step 4: The Bake. Let rise again and bake until the bun is soft and the topping is crunchy."
"pan de muerto","Bread of the Dead (Pan de Muerto)","An orange-scented sweet bread made for traditional Mexican celebrations.","180 mins","280","Mexican | Sweet Bread | Holiday | Traditional","Flour | Butter | Eggs | Yeast | Orange Zest | Anise Seeds | Sugar","Step 1: The Flavor. Mix orange zest and anise seeds into a buttery yeast dough. | Step 2: The Bones. Save a little dough to shape into 'bones' and a small ball to place on top of the round loaf. | Step 3: The Bake. Bake until golden brown and fragrant. | Step 4: The Finish. Brush with melted butter and roll in sugar while still warm."
"mooncake","Traditional Mooncake","A dense, rich pastry with a sweet filling, traditionally enjoyed during the Mid-Autumn Festival.","120 mins","450","Chinese | Dessert | Holiday | Traditional","Flour | Golden Syrup | Alkaline Water | Peanut Oil | Lotus Seed Paste | Salted Egg Yolks","Step 1: The Skin. Mix flour, syrup, and oil into a soft dough. Let it rest. | Step 2: The Filling. Wrap a piece of sweet paste around a salted egg yolk. | Step 3: The Mold. Wrap the dough skin around the filling and press into a decorated mooncake mold. | Step 4: The Bake. Bake briefly, brush with egg wash, and bake again until golden."
"pineapple bun","Hong Kong Pineapple Bun","A soft, sweet bun with a crunchy, sugary topping that resembles a pineapple's skin.","150 mins","340","Chinese | Bread | Breakfast | Classic","Bread Flour | Milk | Butter | Yeast | Sugar | Lard or Butter (for topping)","Step 1: The Bun. Make a standard soft milk bread dough and let it rise. | Step 2: The Topping. Mix flour, sugar, lard, and egg yolk to make a crumbly paste. | Step 3: The Assembly. Place a thin disc of the topping on each bun. | Step 4: The Bake. Bake at high heat until the topping cracks and becomes golden and crispy."
"brownie","Fudgy Chocolate Brownies","The ultimate chocolate treat—dense, moist, and incredibly rich.","40 mins","280","American | Dessert | Chocolate | Easy","Dark Chocolate | Butter | Sugar | Eggs | Vanilla | Flour | Cocoa Powder","Step 1: The Melt. Melt chocolate and butter together until shiny and smooth. | Step 2: The Mix. Whisk in sugar and eggs until the mixture is thick and glossy. | Step 3: The Dry. Gently fold in flour and cocoa powder. Add nuts or chocolate chips if you like. | Step 4: The Bake. Bake for 25-30 mins. It should still be a little soft in the middle!"
"egg tart","Flaky Cantonese Egg Tarts","Small pastry shells filled with a smooth, sweet, and wobbly egg custard.","60 mins","180","Chinese | Dessert | Pastry | Classic","Puff Pastry or Shortcrust | Eggs | Milk | Sugar | Vanilla","Step 1: The Shells. Line small tart molds with thin layers of flaky pastry. | Step 2: The Custard. Whisk eggs, milk, sugar, and vanilla together. Strain to make it perfectly smooth. | Step 3: The Fill. Pour the custard into the shells. | Step 4: The Bake. Bake until the pastry is golden and the custard is just set but still wobbly."
"texas toast","Buttery Texas Toast","Extra-thick slices of bread toasted with a heavy coating of garlic and herb butter.","10 mins","210","American | Bread | Side Dish | Quick","Thick White Bread | Butter | Garlic Powder | Parsley","Step 1: The Butter. Mix softened butter with garlic and parsley. | Step 2: The Coat. Spread a thick layer of butter on both sides of each bread slice. | Step 3: The Grill. Grill in a pan or on a griddle over medium heat. | Step 4: The Finish. Toast until both sides are dark golden and crispy."
"chelsea bun","Sweet Chelsea Buns","A classic British sweet roll filled with currants, spice, and plenty of sugar.","120 mins","310","British | Sweet Bread | Traditional | Sweet","Bread Flour | Milk | Butter | Yeast | Currants | Mixed Spice | Sugar","Step 1: The Dough. Make a soft yeast dough and let it rise until doubled. | Step 2: The Roll. Roll out into a large rectangle and brush with melted butter. | Step 3: The Filling. Sprinkle with a thick layer of currants, sugar, and spice. Roll up tightly into a log. | Step 4: The Bake. Cut the log into thick slices, place in a tray, let rise, and bake until golden."
"roti","Everyday Whole Wheat Roti","The most loved daily bread of India — a thin, soft whole wheat flatbread cooked on a hot griddle.","20 mins","80","Indian | Bread | Everyday | Vegan","2 cups Whole Wheat Flour (Atta) | 3/4 cup Water | 1/2 tsp Salt | 1 tsp Oil (optional)","Step 1: The Dough. Mix atta, salt, and water. Knead for 5-7 minutes until the dough is soft and smooth. Rest it for 15 minutes. | Step 2: The Balls. Divide into small balls (about golf ball size). | Step 3: The Roll. Dust with flour and roll each ball into a thin, even circle. | Step 4: The Cook. Place on a hot tawa (griddle) for 30 seconds until small bubbles appear. Flip and cook the other side. Press gently with a cloth so it puffs up. | Step 5: Finish. Brush with a little ghee and serve hot."
"chapati","Soft Chapati","A thin, unleavened whole-wheat flatbread — the everyday staple for millions across India.","20 mins","80","Indian | Bread | Vegan | Staple","2 cups Whole Wheat Flour | 3/4 cup Warm Water | Salt to taste","Step 1: The Dough. Combine flour and salt. Add water gradually and knead into a soft, pliable dough. Cover and rest for 20 minutes. | Step 2: The Roll. Make small balls and roll into thin rounds using a rolling pin. | Step 3: The Cook. Cook on a dry hot tawa for 30–40 seconds each side. | Step 4: The Puff. Move directly onto the flame and it will puff up like a balloon. That means it's perfect! | Step 5: Finish. Apply ghee and serve immediately."
"phulka","Balloon Phulka","A roti that is finished directly over the flame, making it puff up beautifully into a light, hollow bread.","15 mins","70","Indian | Bread | Healthy | Low-Fat","2 cups Whole Wheat Flour | Water | Salt","Step 1: The Dough. Make a soft, smooth dough and rest for 15 minutes. | Step 2: The Roll. Roll into very thin circles — thinner than a standard roti. | Step 3: The Tawa. Cook one side on a hot tawa for 20 seconds. | Step 4: The Flame. Move directly onto the gas flame and hold with tongs. It will puff up fully in seconds. | Step 5: Finish. Apply ghee and serve. No oil needed for cooking!"
"naan","Classic Butter Naan","A soft, pillowy leavened bread from North India, traditionally baked in a clay tandoor oven.","90 mins","260","Indian | Bread | North Indian | Restaurant Style","2 cups All-Purpose Flour (Maida) | 1/2 cup Yogurt | 1 tsp Dry Yeast | 1 tsp Sugar | 1 tsp Salt | 2 tbsp Butter | Garlic, Coriander for topping","Step 1: The Yeast. Mix yeast with warm water and sugar. Let it sit for 10 minutes until foamy. | Step 2: The Dough. Mix flour, yogurt, and salt. Add the yeast mixture and knead into a soft dough. Let it rise for 1 hour. | Step 3: The Shape. Divide and roll into oval or teardrop shapes. | Step 4: The Cook. Cook in a very hot pan or press onto the sides of a preheated oven. | Step 5: Finish. Brush immediately with garlic butter and fresh coriander."
"tandoori roti","Smoky Tandoori Roti","A thick whole-wheat bread baked in the fierce heat of a clay tandoor, giving it a distinctive smoky, charred flavor.","30 mins","110","Indian | Bread | Tandoor | North Indian","2 cups Whole Wheat Flour | 1/4 cup Yogurt | Water | Salt | Butter","Step 1: The Dough. Mix flour, yogurt, salt, and enough water to make a firm but pliable dough. Rest for 30 minutes. | Step 2: The Shape. Roll into thick rounds, thicker than a regular roti. | Step 3: The Tandoor (Pan Method). Press onto the wall of a very hot preheated pan or use a cast-iron skillet under a broiler. | Step 4: The Char. Cook until brown spots appear on the surface. | Step 5: Finish. Apply butter and serve hot."
"paratha","Flaky Layered Paratha","A multi-layered Indian flatbread that is pan-fried with ghee, creating flaky, crispy layers.","25 mins","180","Indian | Bread | Breakfast | Layered","2 cups Whole Wheat Flour | Water | Salt | Ghee for cooking","Step 1: The Dough. Knead a soft dough and rest for 15 minutes. | Step 2: The Roll. Roll into a thin circle and spread ghee generously. | Step 3: The Fold. Fold into a triangle or roll into a log, then fold again to create layers. | Step 4: The Re-Roll. Roll out the folded dough gently to keep the layers intact. | Step 5: The Fry. Cook on a hot tawa with ghee, pressing gently until both sides are golden brown and flaky."
"aloo paratha","Stuffed Aloo Paratha","The king of Indian breakfasts — a whole wheat flatbread stuffed with spiced mashed potatoes and pan-fried in ghee.","35 mins","300","Indian | Bread | Breakfast | Vegetarian | Popular","2 cups Whole Wheat Flour | 3 Boiled Potatoes | Green Chili | Coriander | Cumin | Ajwain (Carom Seeds) | Ghee","Step 1: The Filling. Mash the potatoes and mix with chopped green chili, fresh coriander, salt, and cumin. Make sure it's not too wet. | Step 2: The Dough. Prepare a soft dough and divide into balls. | Step 3: The Stuff. Flatten each ball, place the potato filling in the center, and close the edges like a bundle. | Step 4: The Re-Roll. Gently roll out the stuffed ball without breaking the dough. | Step 5: The Fry. Cook on a hot tawa with generous ghee on both sides until golden brown and crispy."
"puri","Puffy Golden Puri","A deep-fried unleavened whole-wheat bread that puffs up into a golden balloon when it hits the hot oil.","20 mins","150","Indian | Bread | Deep-Fried | Festive","2 cups Whole Wheat Flour | Water | Salt | 1 tsp Oil | Oil for deep frying","Step 1: The Dough. Mix flour, salt, and a little oil. Add water and knead into a firm, stiff dough — stiffer than roti dough. | Step 2: The Rest. Cover and rest for 10 minutes. | Step 3: The Circles. Roll into small, thin rounds. | Step 4: The Fry. Heat oil until very hot. Slide in a puri and press it gently with a spoon — it will puff up like a balloon! | Step 5: Finish. Drain and serve immediately with aloo sabzi or halwa."
"bhatura","Fluffy Bhatura","A large, pillowy, deep-fried bread made with leavened dough — the perfect partner for Chole (chickpea curry).","90 mins","280","Indian | Bread | North Indian | Deep-Fried","2 cups All-Purpose Flour | 1/2 cup Yogurt | 1/2 tsp Baking Soda | 1 tsp Sugar | Salt | Oil for deep frying","Step 1: The Dough. Mix flour, yogurt, baking soda, sugar, and salt. Knead into a smooth dough. The yogurt acts as the leavening agent. | Step 2: The Rest. Cover with a wet cloth and let it rest for at least 1 hour. | Step 3: The Shape. Roll into large oval shapes, slightly thicker than a puri. | Step 4: The Fry. Fry in very hot oil, pressing gently so it puffs up. | Step 5: Serve. Always eat fresh — it deflates as it cools, so serve immediately with Chole."
"kulcha","Soft Amritsari Kulcha","A soft, leavened bread from Amritsar, often stuffed with spiced potato or paneer, and cooked in a tandoor.","90 mins","230","Indian | Bread | Punjabi | Stuffed","2 cups All-Purpose Flour | 1/2 tsp Baking Powder | Yogurt | Stuffing: Potatoes or Paneer | Butter | Nigella Seeds | Coriander","Step 1: The Dough. Mix flour, baking powder, and yogurt into a soft dough. Rest for 1 hour. | Step 2: The Stuffing. Mash potatoes with spices or crumble paneer with herbs. | Step 3: The Fill. Flatten dough, add filling, and seal the edges. | Step 4: The Cook. Pat into a flat disc and press onto a very hot tawa. Flip once. | Step 5: Finish. Brush immediately with butter and sprinkle coriander and nigella seeds."
"bhakri","Rustic Bhakri","A hearty, thick flatbread from Maharashtra and Gujarat made from millet or sorghum flour — a village staple.","20 mins","130","Indian | Bread | Maharashtra | Millet | Gluten-Free","2 cups Jowar (Sorghum) or Bajra (Millet) Flour | Hot Water | Salt","Step 1: The Dough. Add hot water gradually to the flour — hot water makes the dough easier to work with. Knead into a firm dough. | Step 2: The Shape. Take a portion and press into a thick circle using your palms — don't use a rolling pin. | Step 3: The Cook. Place on a medium-hot tawa and cook on one side. | Step 4: The Flip. Flip and cook the other side, pressing gently with a cloth. | Step 5: Finish. Bhakri should be crisp on the outside. Serve with garlic chutney and oil."
"thepla","Gujarati Thepla","A thin, spiced flatbread from Gujarat made with fenugreek leaves — perfect for travel as it stays fresh for days.","25 mins","120","Indian | Bread | Gujarati | Healthy | Travel-Friendly","1.5 cups Whole Wheat Flour | 1/2 cup Fresh Fenugreek Leaves (Methi) | Yogurt | Turmeric | Red Chili | Cumin | Oil","Step 1: The Dough. Mix flour with chopped fenugreek, yogurt, and spices. Add water if needed to make a soft dough. | Step 2: The Rest. Let it rest for 10 minutes. | Step 3: The Roll. Roll into thin circles like a regular roti. | Step 4: The Cook. Cook on a hot tawa with a little oil on both sides until golden brown spots appear. | Step 5: Finish. Cool on a wire rack. They stay fresh for 3-4 days — ideal for travel!"
"rumali roti","Paper-Thin Rumali Roti","An incredibly thin flatbread from Mughal kitchens, stretched paper-thin and cooked on an inverted wok — so delicate it can be folded like a handkerchief.","30 mins","90","Indian | Bread | Mughal | Fine Dining","1 cup All-Purpose Flour | 1 cup Whole Wheat Flour | Salt | Oil | Warm Water","Step 1: The Dough. Make a very soft, smooth dough. It must be soft enough to stretch without tearing. | Step 2: The Rest. Cover with a wet cloth and rest for 30 minutes. | Step 3: The Stretch. Roll as thin as possible, then stretch by hand over your knuckles. | Step 4: The Inverted Wok. Cook on the outside of an inverted wok or large bowl over the stove. | Step 5: Finish. It cooks in seconds. Fold into quarters and serve."
"luchi","Bengali Luchi","A deep-fried, puffy white bread from Bengal — softer and more delicate than a puri, made with refined flour.","20 mins","160","Indian | Bread | Bengali | Deep-Fried | Festive","2 cups All-Purpose Flour (Maida) | Water | Salt | 1 tsp Oil | Oil for frying","Step 1: The Dough. Mix maida, salt, and a little oil. Add water and knead into a firm, smooth dough. | Step 2: The Rest. Rest for 15 minutes. | Step 3: The Circles. Roll into small, thin circles. | Step 4: The Fry. Fry in hot oil, pressing gently — they puff up immediately. | Step 5: Serve. Drain and serve with Aloo Dum or Kosha Mangsho — a classic Bengali combination."
"makki ki roti","Punjabi Makki Ki Roti","A golden corn flour flatbread from Punjab — rustic, coarse, and delicious. Best eaten with Sarson da Saag.","25 mins","150","Indian | Bread | Punjabi | Gluten-Free | Winter Special","2 cups Corn Flour (Makki Atta) | Hot Water | Salt | Ghee","Step 1: The Dough. Add hot water to corn flour gradually — it's sticky, so be patient. Knead into a soft dough. | Step 2: The Shape. Flatten a ball between your wet palms into a thick, rough circle. Corn flour does not roll like wheat, so use your hands. | Step 3: The Cook. Place on a hot tawa and cook on medium heat. | Step 4: The Flip. Flip carefully and cook the other side. | Step 5: Finish. Apply generous ghee and serve with mustard greens (Sarson da Saag)."
"bajra roti","Rajasthani Bajra Roti","A hearty, thick flatbread made from pearl millet flour — a winter staple in Rajasthan and Gujarat.","20 mins","140","Indian | Bread | Rajasthani | Millet | Gluten-Free","2 cups Pearl Millet Flour (Bajra Atta) | Hot Water | Salt","Step 1: The Dough. Mix flour with hot water and salt. Knead quickly into a firm dough while still warm. | Step 2: The Shape. Press and pat into a thick round with your hands — bajra dough doesn't roll well. | Step 3: The Cook. Place on a medium tawa and cook each side for 2-3 minutes. | Step 4: The Char. Move directly onto the flame for a few seconds on each side for that traditional smoky flavor. | Step 5: Finish. Apply generous ghee. Serve with garlic chutney and onion."
"ragi roti","Nutritious Ragi Roti","A finger millet flatbread from Karnataka, packed with calcium and iron — healthy and delicious.","20 mins","120","Indian | Bread | Karnataka | Healthy | Gluten-Free","2 cups Finger Millet Flour (Ragi) | 1 Onion (finely chopped) | Green Chili | Coriander | Salt | Water","Step 1: The Mix. Combine ragi flour with chopped onion, green chili, coriander, and salt. | Step 2: The Dough. Add warm water to bind everything into a soft dough. | Step 3: The Pat. Apply a little oil on a hot tawa. Place a ball of dough and spread it with your fingers directly on the tawa into a thin round. | Step 4: The Cook. Cook on medium heat until the edges lift. Flip and cook the other side. | Step 5: Finish. Drizzle ghee and serve with chutney or egg curry."
"akki rotti","Karnataka Akki Rotti","A rice flour flatbread from Karnataka, often made with mixed vegetables and spices for a nutritious meal.","20 mins","110","Indian | Bread | Karnataka | Rice | Gluten-Free","2 cups Rice Flour | 1 Onion | Green Chili | Fresh Coconut | Coriander | Salt | Oil","Step 1: The Mix. Mix rice flour with chopped onion, green chili, coconut, and coriander. | Step 2: The Bind. Add water gradually and mix into a soft, spreadable dough. | Step 3: The Spread. Oil a hot tawa and spread the dough directly on it using wet fingers into a thin circle. | Step 4: The Cook. Cover and cook on medium heat for 2-3 minutes. | Step 5: Finish. Uncover, flip, and cook for 1 more minute. Serve with coconut chutney."
"thalipeeth","Maharashtrian Thalipeeth","A savory multi-grain pancake from Maharashtra, made from a special blend of several flours — hearty, nutritious, and delicious.","25 mins","200","Indian | Bread | Maharashtra | Multi-grain | Healthy","1 cup Bhajani Flour (or mix of Rice, Chickpea, Millet, Wheat Flour) | Onion | Green Chili | Coriander | Turmeric | Oil","Step 1: The Mix. Combine the multigrain flour with chopped onion, green chili, coriander, turmeric, and salt. | Step 2: The Dough. Add water slowly and knead into a soft dough. | Step 3: The Spread. Place a ball on an oiled tawa and pat it out into a thin, even circle with wet fingers. | Step 4: The Holes. Make small holes in the dough and pour oil into them for crispiness. | Step 5: The Cook. Cover and cook on medium heat, then flip and cook the other side. Serve with curd and chutney."
"parotta","Kerala Layered Parotta","A flaky, layered flatbread from South India made with refined flour — incredibly soft with hundreds of airy layers.","60 mins","290","Indian | Bread | South Indian | Layered | Kerala","2 cups All-Purpose Flour | 1 Egg | Salt | Sugar | Oil | Warm Water","Step 1: The Dough. Knead flour with egg, sugar, salt, oil, and water into a very soft, elastic dough. Rest for 30 minutes. | Step 2: The Coating. Divide into balls, coat generously with oil, and rest for 30 more minutes. | Step 3: The Stretch. Stretch each ball into a very thin sheet. | Step 4: The Coil. Fold into pleats like a fan, then roll into a tight spiral. | Step 5: The Flatten & Cook. Flatten the spiral and cook on an oiled tawa, then beat it gently with your palms to separate the layers."
"pathiri","Kerala Pathiri","A delicate, paper-thin rice flour flatbread from Kerala's Malabar region, traditionally served with spiced chicken or fish curry.","25 mins","90","Indian | Bread | Kerala | Rice | Gluten-Free","2 cups Rice Flour | 2 cups Boiling Water | Salt | Coconut Oil","Step 1: The Dough. Pour boiling water over rice flour and salt. Mix quickly and knead while still hot into a smooth, non-sticky dough. | Step 2: The Balls. Divide into small, equal balls. | Step 3: The Roll. Roll very thin between two sheets of plastic — pathiri must be almost translucent. | Step 4: The Cook. Cook on a dry, lightly oiled non-stick pan for 1-2 minutes each side. | Step 5: Serve. Serve hot with Malabar chicken curry or fish stew."
"sheermal","Mughal Sheermal","A rich, saffron-laced flatbread from Mughal kitchens — slightly sweet, beautifully golden, and incredibly aromatic.","90 mins","220","Indian | Bread | Mughal | Sweet | Festive","2 cups All-Purpose Flour | Milk | Saffron | Sugar | Ghee | Yeast","Step 1: The Saffron Milk. Warm milk and soak saffron strands in it for 10 minutes until the milk turns golden. | Step 2: The Dough. Mix flour with sugar, ghee, and yeast. Add saffron milk to make a soft, rich dough. Let it rise for 1 hour. | Step 3: The Shape. Divide and roll into medium-sized ovals. | Step 4: The Bake. Brush with saffron milk and bake in a hot oven (or tandoor) until golden with a slightly crisp crust. | Step 5: Finish. Brush again with saffron milk for a glossy, fragrant finish."
"injera","Ethiopian Injera","A spongy, sourdough flatbread from Ethiopia made from fermented teff flour — both plate and utensil.","3 days (ferment) + 30 mins","130","Ethiopian | African | Fermented | Gluten-Free | Vegan","2 cups Teff Flour | 2.5 cups Water | 1/2 tsp Salt","Step 1: The Ferment. Mix teff flour and water into a thin batter. Cover loosely and leave at room temperature for 2-3 days until it smells sour and bubbles form. | Step 2: The Check. Taste it — it should be pleasantly sour. Add salt and stir. | Step 3: The Pour. Heat a large non-stick pan. Pour a ladleful of batter and swirl quickly to coat the pan thinly. | Step 4: The Cook. Cover and cook for 2-3 minutes on one side only. Do not flip. It's done when the surface is fully set and no longer shiny. | Step 5: Serve. Stack on a plate and serve with lentil stew (dal) or any curry poured on top."
"harsha","Moroccan Harsha","A buttery, pan-fried Moroccan semolina bread — crispy outside, soft inside, perfect with honey.","20 mins","210","Moroccan | African | Semolina | Breakfast","2 cups Fine Semolina | 1/2 cup Butter (melted) | 1 tsp Baking Powder | 1/2 tsp Salt | Milk as needed","Step 1: The Mix. Combine semolina, salt, and baking powder. Rub in melted butter with your fingers until it resembles wet sand. | Step 2: The Bind. Add milk gradually and mix into a soft, slightly sticky dough. | Step 3: The Shape. Pat into a round disc about 1 inch thick. | Step 4: The Cook. Cook in a dry pan on low-medium heat for 8-10 minutes each side until golden. | Step 5: Serve. Cut into wedges and serve warm with butter and honey."
"batbout","Moroccan Batbout","A fluffy, pita-like Moroccan flatbread cooked on a griddle — airy inside and perfect for stuffing.","90 mins","180","Moroccan | African | Flatbread | Street Food","2 cups All-Purpose Flour | 1 cup Semolina | 1 tsp Yeast | 1 tsp Sugar | Salt | Warm Water","Step 1: The Yeast. Dissolve yeast and sugar in warm water. Let it sit for 10 minutes until foamy. | Step 2: The Dough. Mix flour, semolina, and salt. Add the yeast water and knead into a smooth dough. | Step 3: The Rise. Divide into small balls, flatten slightly, cover, and let rise for 45 minutes. | Step 4: The Cook. Cook on a dry medium-hot pan, flipping every 30 seconds until puffed and golden. | Step 5: Serve. Slice open like a pita and fill with eggs, merguez, or salad."
"kesra","Algerian Kesra","A traditional North African semolina flatbread from Algeria, seasoned with nigella seeds.","30 mins","190","Algerian | African | Semolina | Traditional","2 cups Semolina | 1 tsp Yeast | Nigella Seeds | Salt | Warm Water | Olive Oil","Step 1: The Dough. Mix semolina, yeast, salt, and nigella seeds. Add warm water and a splash of olive oil. Knead into a smooth dough. | Step 2: The Rest. Let it rest for 20 minutes. | Step 3: The Shape. Flatten into a thick round about 1/2 inch thick. | Step 4: The Cook. Cook on a heavy, dry cast-iron pan on medium heat for 8 minutes each side. | Step 5: Serve. The crust should be golden. Serve with olive oil for dipping."
"focaccia","Ligurian Focaccia","A dimpled, olive oil-drenched Italian flatbread from Liguria — crispy outside, pillowy inside.","2 hours","270","Italian | European | Flatbread | Vegan","3 cups Bread Flour | 1 tsp Yeast | 1 tsp Sugar | 1 tsp Salt | 1/2 cup Olive Oil | Rosemary | Flaky Sea Salt","Step 1: The Dough. Mix flour, yeast, sugar, salt with water. Add 3 tbsp olive oil and knead for 8 minutes. | Step 2: The Rise. Let rise for 1 hour until doubled. | Step 3: The Pan. Pour olive oil generously into a baking pan. Spread dough to fill the pan. | Step 4: The Dimples. Press your fingers all over the dough to make deep dimples. Drizzle more oil into each dimple. | Step 5: The Bake. Rest 20 minutes, then bake at 220°C for 20 minutes until golden. Top with rosemary and flaky salt."
"ciabatta","Italian Ciabatta","A rustic Italian slipper bread with a crispy crust and a wildly open, chewy interior.","3 hours","230","Italian | European | Artisan | Vegan","3 cups Bread Flour | 1.5 cups Water | 1 tsp Yeast | 1 tsp Salt | 2 tbsp Olive Oil","Step 1: The Wet Dough. This dough is very wet — that's normal. Mix all ingredients into a shaggy dough. | Step 2: The Stretch & Fold. Every 30 minutes, stretch the dough and fold it over itself 4 times. Repeat 3-4 times over 2 hours. | Step 3: The Shape. Gently tip onto a heavily floured surface. Cut into rectangles — do not deflate the air bubbles. | Step 4: The Rest. Rest 30 minutes on parchment paper. | Step 5: The Bake. Bake at 230°C for 25 minutes with a pan of water in the oven for steam."
"pretzel","German Soft Pretzel","A chewy, shiny German bread twisted into its iconic knot shape — salty on the outside, soft on the inside.","90 mins","250","German | European | Baked | Salty","3 cups All-Purpose Flour | 1 tsp Yeast | 1 tsp Sugar | 1 tsp Salt | 1 tbsp Butter | 1/4 cup Baking Soda (for boiling) | Coarse Salt","Step 1: The Dough. Mix flour, yeast, sugar, salt, and butter with warm water. Knead for 8 minutes until smooth. | Step 2: The Rise. Let rise for 45 minutes. | Step 3: The Shape. Divide into ropes and twist into pretzel shapes. | Step 4: The Bath. Boil water with baking soda. Briefly dip each pretzel for 30 seconds — this creates the shiny brown crust. | Step 5: The Bake. Sprinkle with coarse salt and bake at 220°C for 12-15 minutes until deep brown."
"pumpernickel","German Pumpernickel","A dense, dark, malty German rye bread slow-baked for up to 16 hours — deeply flavored and long-lasting.","16+ hours","180","German | European | Rye | Dark Bread","3 cups Rye Flour | 1 cup Cracked Rye Berries | 1 cup Sourdough Starter | 1 tbsp Molasses | 1 tsp Salt | 1 cup Hot Water","Step 1: The Soak. Soak cracked rye berries in boiling water for 1 hour. | Step 2: The Mix. Combine rye flour, sourdough starter, molasses, salt, and the soaked rye. Mix into a very dense, sticky dough. | Step 3: The Pan. Press firmly into a greased loaf tin, smoothing the top. | Step 4: The Long Bake. Bake covered at 120°C (250°F) for 16-24 hours. The low and slow baking creates the dark color. | Step 5: The Rest. Cool completely and rest overnight before slicing. It slices better and tastes deeper the next day."
"knackebrod","Swedish Knäckebröd","A crisp, thin Scandinavian rye crispbread — keeps for months and the base of the Nordic diet.","30 mins","90","Swedish | Scandinavian | Rye | Crispbread | Healthy","2 cups Rye Flour | 1/2 cup All-Purpose Flour | 1 tsp Salt | 1 tsp Baking Powder | Caraway Seeds | Water","Step 1: The Mix. Combine flours, salt, baking powder, and caraway seeds. | Step 2: The Dough. Add cold water and mix into a firm dough. | Step 3: The Roll. Roll paper thin — as thin as you possibly can. It will shrink slightly when baking. | Step 4: The Holes. Prick all over with a fork or rolling docker to prevent large bubbles. | Step 5: The Bake. Bake at 200°C for 8-10 minutes until completely crisp and dry."
"borodinsky","Russian Borodinsky Bread","A dark Russian rye sourdough bread sweetened with molasses and topped with coriander seeds.","12 hours","200","Russian | European | Rye | Sourdough","2 cups Dark Rye Flour | 1 cup Sourdough Starter | 2 tbsp Molasses | 1 tbsp Malt Extract | 1 tsp Salt | Coriander Seeds","Step 1: The Starter. Feed sourdough starter the night before. | Step 2: The Mix. Combine rye flour, starter, molasses, malt, and salt into a dense, sticky dough. | Step 3: The Pan. Press into a greased loaf tin. Wet your hands to smooth the top. | Step 4: The Top. Sprinkle generously with coriander seeds. | Step 5: The Bake. Rise for 4 hours, then bake at 180°C for 55-60 minutes."
"soda bread","Irish Soda Bread","A quick, no-yeast Irish bread leavened only with baking soda — crusty outside, tender inside.","45 mins","220","Irish | European | Quick Bread | No Yeast","4 cups Whole Wheat Flour | 1 tsp Baking Soda | 1 tsp Salt | 1.5 cups Buttermilk","Step 1: The Dry Mix. Combine flour, salt, and baking soda. Make a well in the center. | Step 2: The Wet. Pour in all the buttermilk at once. | Step 3: The Mix. Stir with a fork just until it comes together. Do not over-mix — it makes it tough. | Step 4: The Shape. Turn onto a floured surface, shape into a round, and cut a deep X on top. | Step 5: The Bake. Bake at 200°C for 35-40 minutes. The X is not decorative — it lets the heat reach the center."
"challah","Jewish Challah","A beautifully braided, slightly sweet Jewish ceremonial bread enriched with eggs and oil.","3 hours","260","Jewish | European | Sweet Bread | Braided | Festive","4 cups All-Purpose Flour | 2 Eggs | 1/4 cup Oil | 2 tbsp Sugar | 1 tsp Yeast | 1 tsp Salt | Sesame Seeds","Step 1: The Dough. Mix flour, yeast, sugar, and salt. Add eggs, oil, and warm water. Knead for 10 minutes. | Step 2: The Rise. Let rise for 2 hours until doubled. | Step 3: The Braid. Divide into 3 (or 6) ropes and braid tightly. | Step 4: The Glaze. Brush with egg wash and sprinkle sesame seeds. | Step 5: The Bake. Bake at 175°C for 30-35 minutes until deep golden brown."
"limpa","Swedish Limpa Rye Bread","A soft Swedish rye bread flavored with orange zest, molasses, and warm spices like anise and fennel.","3 hours","210","Swedish | Scandinavian | Rye | Spiced","2 cups Rye Flour | 1 cup All-Purpose Flour | Orange Zest | Molasses | Anise Seeds | Fennel Seeds | Yeast | Salt","Step 1: The Dough. Combine flours, yeast, salt, molasses, spices, and orange zest. Add warm water and knead. | Step 2: The Rise. Let rise for 1.5 hours. | Step 3: The Shape. Form into an oval loaf. | Step 4: The Rest. Let rest 30 more minutes. | Step 5: The Bake. Bake at 175°C for 40 minutes. The orange and spice aroma will fill the kitchen."
"bannock","Scottish Bannock","A simple, ancient Scottish flatbread made from oats or barley — the original field bread of Celtic cultures.","20 mins","180","Scottish | European | Flatbread | Quick Bread","2 cups Oatmeal or Barley Flour | 1/2 tsp Salt | 1/2 tsp Baking Powder | Water or Buttermilk","Step 1: The Mix. Combine oatmeal, salt, and baking powder. | Step 2: The Bind. Add just enough water or buttermilk to bring into a soft dough. | Step 3: The Shape. Pat into a round disc about 1 cm thick. | Step 4: The Cook. Cook on a dry griddle on medium heat for 10 minutes each side. | Step 5: Serve. Best eaten warm with butter."
"arepa","Colombian Arepa","A thick, golden cornmeal patty from Colombia and Venezuela — grilled, fried, or baked and stuffed with cheese.","20 mins","200","Colombian | Venezuelan | Americas | Corn | Gluten-Free","2 cups Precooked Cornmeal (Masarepa) | 1 tsp Salt | 1 tbsp Butter | Warm Water | Shredded Cheese (optional)","Step 1: The Dough. Mix masarepa with salt, butter, and warm water until you get a soft dough that doesn't crack when pressed. | Step 2: The Balls. Divide into portions and roll into balls. | Step 3: The Press. Flatten each ball into a round patty about 1 cm thick. | Step 4: The Cook. Cook on a hot griddle or pan for 5-6 minutes each side until a crust forms. | Step 5: Serve. Split open and fill with butter, cheese, or black beans."
"casabe","Caribbean Casabe","An ancient crispy cassava flatbread from the Caribbean and South America — thin as a cracker and naturally gluten-free.","45 mins","100","Caribbean | Americas | Cassava | Ancient | Gluten-Free | Vegan","2 lbs Fresh Cassava (Yuca) | Salt","Step 1: The Peel & Grate. Peel cassava and grate finely. | Step 2: The Press. Wrap in a cloth and squeeze out ALL liquid — the juice contains toxins that must be removed. | Step 3: The Dry. Spread the pressed cassava flour on a tray and let it dry slightly. | Step 4: The Cook. Press a thin layer onto a very hot dry griddle and cook for 5 minutes until set. | Step 5: The Flip. Flip carefully and cook the other side for 3-4 minutes until crisp like a cracker."
"anadama bread","New England Anadama Bread","A traditional American yeast bread from New England made with cornmeal and molasses — deeply rustic.","3 hours","240","American | Americas | Cornmeal | Molasses | Traditional","1/2 cup Cornmeal | 1/3 cup Molasses | 2 tbsp Butter | 1 tsp Salt | 2.5 cups Bread Flour | 1.5 tsp Yeast","Step 1: The Porridge. Cook cornmeal in boiling water until thick, like porridge. Cool to lukewarm. | Step 2: The Mix. Add molasses, butter, and salt to the cornmeal. Mix in yeast. | Step 3: The Dough. Add flour gradually and knead for 8-10 minutes. | Step 4: The Rise. Let rise for 1.5 hours, punch down, shape into a loaf. | Step 5: The Bake. Bake at 190°C for 35 minutes until golden."
"sopa paraguaya","Paraguayan Sopa Paraguaya","Despite being called 'soup,' this is a dense, savory South American cornbread loaded with cheese and onion.","60 mins","310","Paraguayan | Americas | Cornbread | Savory | Cheese","2 cups Cornmeal | 3 Eggs | 1 cup Cheese (grated) | 1 Onion (diced) | 1 cup Milk | 3 tbsp Oil | Salt","Step 1: The Onion. Sauté diced onion in oil until soft. Cool slightly. | Step 2: The Mix. Whisk eggs and milk, then add cornmeal, cheese, salt, and cooled onion. | Step 3: The Batter. Stir into a thick batter — thicker than pancake batter. | Step 4: The Bake. Pour into a greased baking dish and bake at 180°C for 40-45 minutes. | Step 5: Check. It's done when a toothpick comes out clean and the top is golden."
"frybread","Native American Frybread","A simple, pillowy fried bread — a staple and cultural symbol of many Native American nations.","20 mins","330","Native American | Americas | Deep-Fried | Traditional","2 cups All-Purpose Flour | 1 tsp Baking Powder | 1/2 tsp Salt | 3/4 cup Warm Water or Milk | Oil for frying","Step 1: The Dough. Mix flour, baking powder, and salt. Add warm water and mix just until a soft dough forms. | Step 2: The Rest. Let it rest for 10 minutes. | Step 3: The Pull. Tear off pieces and flatten by hand into thin rounds. | Step 4: The Fry. Fry in 2 inches of hot oil for 2 minutes each side until golden and puffed. | Step 5: Serve. Serve with honey and butter, or as a base for Indian Tacos."
"mantou","Chinese Steamed Mantou","Cloud-soft Chinese steamed buns — the daily bread of Northern China, pillowy white and subtly sweet.","90 mins","170","Chinese | Asian | Steamed | Vegan","3 cups All-Purpose Flour | 1 tsp Yeast | 2 tbsp Sugar | 1/2 cup Warm Milk | 1/2 cup Warm Water","Step 1: The Dough. Mix flour, yeast, and sugar. Add warm milk and water. Knead for 10 minutes until very smooth. | Step 2: The Rise. Let rise for 1 hour until doubled. | Step 3: The Roll. Roll out to 1 cm thick and roll into a tight log. | Step 4: The Cut. Slice into 2-inch rounds and place each on a small square of parchment. | Step 5: The Steam. Steam on high heat for 15 minutes. Do not open the lid early or they will collapse."
"anpan","Japanese Anpan","A beloved Japanese sweet bun filled with sweet red bean paste — a classic since the Meiji era.","2 hours","220","Japanese | Asian | Sweet Bread | Red Bean | Baked","2 cups Bread Flour | 2 tbsp Sugar | 1 tsp Yeast | 1 Egg | 3 tbsp Butter | 1/2 cup Milk | Red Bean Paste (Anko) for filling | Sesame Seeds","Step 1: The Dough. Mix flour, sugar, yeast, egg, butter, and milk. Knead for 10 minutes until smooth. | Step 2: The Rise. Let rise for 1 hour. | Step 3: The Fill. Flatten a dough ball, add a spoonful of anko paste in the center, and pinch tightly to seal. | Step 4: The Top. Brush with egg wash and sprinkle black sesame seeds. | Step 5: The Bake. Bake at 180°C for 12-15 minutes until golden."
"melonpan","Japanese Melon Pan","A Japanese sweet bun covered with a thin, crispy cookie crust — named for its melon-like scoring, not flavor.","2.5 hours","280","Japanese | Asian | Sweet Bread | Cookie Crust | Bakery","Bread Dough: Flour, Yeast, Sugar, Egg, Butter, Milk | Cookie Layer: Butter, Sugar, Egg, Flour, Baking Powder","Step 1: The Bread Dough. Make a standard enriched dough and let it rise for 1 hour. | Step 2: The Cookie Dough. Beat butter and sugar until fluffy. Add egg, then fold in flour and baking powder. | Step 3: The Assembly. Flatten a piece of cookie dough and wrap it around each bread dough ball. | Step 4: The Score. Use a knife to score a grid pattern on the cookie layer. | Step 5: The Bake. Bake at 180°C for 12 minutes. The cookie should be crispy, the bread should be soft."
"lavash","Armenian Lavash","An ancient, paper-thin flatbread from the Caucasus region — baked on hot stone walls and chewy when fresh.","30 mins","120","Armenian | Middle Eastern | Flatbread | Ancient | Vegan","3 cups All-Purpose Flour | 1 tsp Yeast | 1 tsp Salt | Warm Water","Step 1: The Dough. Mix flour, yeast, and salt. Add water and knead for 8 minutes into a smooth, stiff dough. | Step 2: The Rest. Divide into small balls and let rest for 30 minutes. | Step 3: The Roll. Roll each ball as thin as humanly possible — almost translucent. | Step 4: The Bake. Bake on the highest rack of a preheated 250°C oven for 3-4 minutes only. | Step 5: Serve. It will be crispy when fresh. Sprinkle with water and stack to soften."
"pita","Classic Pita Bread","The iconic Middle Eastern pocket bread — bakes in minutes and magically forms a hollow pocket.","90 mins","165","Middle Eastern | Mediterranean | Asian | Flatbread | Vegan","3 cups All-Purpose Flour | 1 tsp Yeast | 1 tsp Sugar | 1 tsp Salt | 1 tbsp Olive Oil | Warm Water","Step 1: The Dough. Mix flour, yeast, sugar, and salt. Add oil and water. Knead for 8 minutes. | Step 2: The Rise. Let rise for 1 hour. | Step 3: The Circles. Divide and roll into thin 6-inch circles. Rest for 15 minutes. | Step 4: The Secret. Bake on a preheated baking stone or hot pan at 250°C for 3-4 minutes only. | Step 5: The Pocket. The intense heat creates steam that puffs the bread into a perfect pocket. Cool before opening."
"gobi paratha","Punjabi Gobi Paratha","A beloved Punjabi flatbread stuffed with spiced grated cauliflower — the winter morning staple.","30 mins","220","Indian | Punjabi | Breakfast | Vegetarian | Stuffed Bread","2 cups Whole Wheat Flour | 2 cups Cauliflower (grated) | 1 Onion (finely chopped) | 2 Green Chilies | 1 tsp Cumin Seeds | 1 tsp Amchur (Dry Mango Powder) | Fresh Coriander | Ghee","Step 1: The Filling. Grate cauliflower and squeeze out moisture in a cloth. Mix with chopped onion, green chili, cumin, amchur, coriander, and salt. | Step 2: The Dough. Knead a soft whole wheat dough and rest for 15 mins. | Step 3: The Stuff. Roll a ball into a small circle, place filling in center, seal edges upward like a bundle. | Step 4: The Re-Roll. Gently roll out the stuffed ball — the key is a light touch so filling doesn't burst. | Step 5: The Cook. Cook on a hot tawa with generous ghee on both sides until golden and crisp."
"mooli paratha","Punjabi Mooli Paratha","A juicy, spiced radish-stuffed flatbread from Punjab — the secret is squeezing out all the water.","30 mins","200","Indian | Punjabi | Breakfast | Vegetarian | Stuffed Bread","2 cups Whole Wheat Flour | 2 cups White Radish (grated) | 1 tsp Ginger (grated) | 2 Green Chilies | 1/2 tsp Ajwain | Fresh Coriander | Ghee","Step 1: The Prep. Grate radish and add salt. Let it sit for 10 minutes, then squeeze out every drop of water — this step is critical. | Step 2: The Filling. Mix squeezed radish with ginger, green chili, ajwain, coriander, and salt. | Step 3: The Dough. Prepare soft dough using the squeezed radish water for extra flavor. | Step 4: The Stuff. Fill, seal, and gently roll out each paratha. | Step 5: The Cook. Cook with ghee on a hot tawa until both sides are golden and aromatic."
"methi paratha","Stuffed Methi Paratha","A healthy flatbread stuffed with cooked fenugreek leaves and besan — slightly bitter, deeply flavorful.","25 mins","190","Indian | Healthy | Breakfast | Vegetarian | Fenugreek","2 cups Whole Wheat Flour | 1.5 cups Fresh Fenugreek Leaves (Methi) | 3 tbsp Besan (Chickpea Flour) | 1/2 tsp Turmeric | 1/2 tsp Chaat Masala | 1 tsp Cumin | Oil","Step 1: The Filling. Sauté besan in a dry pan until lightly toasted. Add methi leaves, turmeric, chaat masala, cumin, and salt. Cook until dry. | Step 2: The Dough. Knead a soft dough and rest for 15 mins. | Step 3: The Stuff. Fill the dough balls with the methi-besan mixture. | Step 4: The Roll. Roll gently into parathas. | Step 5: The Cook. Cook with a little oil on a hot tawa until crisp on both sides."
"paneer paratha","Punjabi Paneer Paratha","A rich, protein-packed flatbread stuffed with spiced grated cottage cheese — a North Indian breakfast favourite.","30 mins","280","Indian | Punjabi | Breakfast | Vegetarian | High-Protein","2 cups Whole Wheat Flour | 1.5 cups Paneer (grated) | 2 Green Chilies (finely chopped) | 1 tsp Amchur | 1/2 tsp Red Chili Powder | Fresh Coriander | Ghee","Step 1: The Filling. Mix grated paneer with chopped green chili, amchur, red chili, coriander, and salt. Divide into balls. | Step 2: The Dough. Prepare a soft, pliable dough. | Step 3: The Stuff. Roll a circle, place paneer ball in center, seal completely. | Step 4: The Roll. Roll gently — paneer can crack the dough if too much pressure is applied. | Step 5: The Cook. Cook with generous ghee until both sides are golden. Serve with butter and pickle."
"matar paratha","Green Pea Matar Paratha","A vibrant flatbread stuffed with crushed spiced green peas — sweet, fresh, and utterly delicious.","25 mins","210","Indian | Breakfast | Vegetarian | Seasonal | Green Peas","2 cups Whole Wheat Flour | 1.5 cups Green Peas (boiled) | 1 tsp Cumin | 2 Green Chilies | 1 tsp Amchur | Fresh Coriander | Ghee","Step 1: The Filling. Coarsely crush boiled green peas. Mix with cumin, green chili, amchur, coriander, and salt. The texture should be rough, not smooth. | Step 2: The Dough. Knead soft dough. | Step 3: The Stuff. Roll small circles, stuff with pea mixture, and seal. | Step 4: The Roll. Roll gently — the filling is moist so be careful. | Step 5: The Cook. Cook on hot tawa with ghee until golden on both sides."
"onion paratha","Pyaz Ka Paratha","A crispy flatbread filled with spiced raw onions — simple, sharp, and incredibly satisfying.","20 mins","180","Indian | Breakfast | Vegan | Quick | Stuffed Bread","2 cups Whole Wheat Flour | 2 Onions (finely chopped) | 2 Green Chilies | 1/2 tsp Garam Masala | 1/2 tsp Red Chili Powder | Fresh Coriander | Oil","Step 1: The Filling. Mix finely chopped onion with green chili, garam masala, chili powder, coriander, and salt. | Step 2: The Dough. Prepare soft whole wheat dough. | Step 3: The Stuff. Fill and seal dough balls with onion mixture. | Step 4: The Roll. Roll carefully — raw onion pieces can puncture the dough. | Step 5: The Cook. Cook on hot tawa with oil or ghee until crispy on both sides."
"dal paratha","Dal Paratha","A hearty flatbread stuffed with cooked and spiced dal — a complete meal in itself from Rajasthan.","45 mins","260","Indian | Rajasthani | Protein-Rich | Meal | Vegetarian","2 cups Whole Wheat Flour | 1 cup Chana Dal (cooked and mashed) | 1 tsp Cumin | 1 tsp Coriander Powder | 1/2 tsp Turmeric | 2 Green Chilies | Ghee","Step 1: The Dal. Cook chana dal until soft. Drain completely and mash. Sauté with cumin, coriander, turmeric, chili, and salt until dry. | Step 2: The Dough. Prepare soft dough. | Step 3: The Stuff. Fill generously with dal mixture and seal. | Step 4: The Roll. Roll into parathas. | Step 5: The Cook. Cook with ghee until both sides are golden and crispy. Serve with curd."
"egg paratha","Egg Paratha (Anda Paratha)","A street-style paratha with a seasoned egg mixture spread on top and folded in — crispy, eggy, and addictive.","20 mins","310","Indian | Street Food | Egg | Breakfast | Non-Vegetarian","2 cups Whole Wheat Flour | 3 Eggs | 1 Onion (finely chopped) | 2 Green Chilies | Fresh Coriander | Salt | Red Chili Powder | Oil","Step 1: The Egg Mix. Beat eggs with chopped onion, green chili, coriander, salt, and red chili powder. | Step 2: The Dough. Roll out a paratha circle and partially cook on one side on a tawa. | Step 3: The Egg. Flip the paratha raw-side down and pour half the egg mix on top. Spread quickly. | Step 4: The Fold. Once the egg sets, fold the paratha in half or into a rectangle over the egg. | Step 5: The Finish. Cook with oil until crispy and golden on both sides."
"cheese paneer paratha","Cheese Paneer Paratha","A kid-friendly stuffed paratha combining grated paneer with melted cheese and capsicum — irresistible.","30 mins","340","Indian | Kids | Breakfast | Cheese | Vegetarian","2 cups Whole Wheat Flour | 1 cup Paneer (grated) | 1/2 cup Processed Cheese (grated) | 1 Capsicum (finely chopped) | 1 Onion (finely chopped) | 2 Green Chilies | Ghee","Step 1: The Filling. Mix grated paneer, cheese, capsicum, onion, green chili, and salt. The cheese acts as a binder. | Step 2: The Dough. Prepare soft dough. | Step 3: The Stuff. Fill generously and seal — cheese makes the filling sticky and easy to handle. | Step 4: The Roll. Roll gently. | Step 5: The Cook. Cook with ghee on a hot tawa. The cheese melts inside, creating a creamy, gooey filling."
"spring onion paratha","Hara Pyaz Paratha","A fragrant flatbread stuffed with spring onions, garlic, and chilies — light, fresh, and aromatic.","20 mins","175","Indian | Breakfast | Spring Onion | Light | Vegetarian","2 cups Whole Wheat Flour | 2 cups Spring Onions (greens and whites, chopped) | 4 Garlic Cloves (minced) | 2 Green Chilies | Fresh Coriander | Oil","Step 1: The Filling. Mix chopped spring onion with minced garlic, green chili, coriander, and salt. | Step 2: The Dough. Prepare soft dough. | Step 3: The Stuff. Fill dough balls and seal. | Step 4: The Roll. Roll gently. | Step 5: The Cook. Cook on hot tawa with oil. The spring onion imparts a sweet, mild flavor. Serve with curd."
"aloo gobi paratha","Aloo Gobi Paratha","A double-stuffed paratha combining mashed potato and grated cauliflower with Punjabi spices.","35 mins","270","Indian | Punjabi | Breakfast | Vegetarian | Hearty","2 cups Whole Wheat Flour | 1 cup Potatoes (boiled, mashed) | 1 cup Cauliflower (grated) | 1 tsp Cumin | 1 tsp Amchur | 2 Green Chilies | Ghee","Step 1: The Filling. Squeeze moisture from cauliflower. Mix with mashed potato, cumin, amchur, chili, and salt. | Step 2: The Dough. Prepare soft dough. | Step 3: The Stuff. Fill generously — this is a hearty, thick paratha. | Step 4: The Roll. Roll to medium thickness — not too thin. | Step 5: The Cook. Cook with plenty of ghee until deeply golden. Serve with white butter and lassi."
"paneer vegetable paratha","Paneer Vegetable Paratha","A nutritious stuffed paratha with grated paneer, carrots, peas, and beetroot — colorful and healthy.","35 mins","250","Indian | Healthy | Kids | Colorful | Vegetarian","2 cups Whole Wheat Flour | 1 cup Paneer (grated) | 1/2 cup Carrots (grated) | 1/4 cup Green Peas (boiled) | 1/4 cup Beetroot (grated) | 1 tsp Cumin | 2 Green Chilies | Ghee","Step 1: The Filling. Mix paneer with grated carrot, beetroot, crushed peas, cumin, chili, and salt. The beetroot turns the filling pink! | Step 2: The Dough. Prepare soft dough. | Step 3: The Stuff. Fill and seal dough balls. | Step 4: The Roll. Roll gently. | Step 5: The Cook. Cook with ghee. These are great for kids — the colorful filling is nutritious and the taste is mild."
"methi bajra paratha","Methi Bajra Paratha","A super-healthy Gujarati-Rajasthani paratha made from bajra and wheat flour kneaded with fresh methi — no stuffing needed.","25 mins","160","Indian | Gujarati | Healthy | Millet | Gluten-Friendly","1 cup Bajra (Pearl Millet) Flour | 1 cup Whole Wheat Flour | 1 cup Fresh Fenugreek Leaves (chopped) | 1/2 cup Yogurt | 1 tsp Turmeric | 1 tsp Cumin | Oil","Step 1: The Dough. Combine bajra flour, wheat flour, chopped methi, yogurt, turmeric, cumin, and salt. Knead into a soft dough using water. | Step 2: The Rest. Let it rest for 10 minutes. | Step 3: The Roll. Roll into parathas — bajra dough is slightly dense. | Step 4: The Cook. Cook on a hot tawa with oil on both sides. | Step 5: Serve. Eat fresh — bajra parathas harden on cooling. Serve with garlic chutney."